Name;Screen Size;Camera;RAM;Battery;Price
Samsung Galaxy J7 Prime;5.5 inch Screen;13MP Camera;3GB RAM;3300mAh ;Rs. 11,490
Xiaomi Redmi Note 4 (4GB/64GB);5.5 inch Screen;13MP Camera;4GB RAM;4100mAh ;Rs. 10,999
Samsung Galaxy J2 Pro;5 inch Screen;8MP Camera;2GB RAM;2600mAh ;Rs. 8,999 
Lenovo K8 Note (4GB/64GB);5.5 inch Screen;13MP Camera;4GB RAM;4000mAh ;Rs. 11,999
Samsung Galaxy On7 Pro;5.5 inch Screen;13MP Camera;2GB RAM;3000mAh ;Rs. 7,590 
Motorola Moto M (4GB/64GB);5.5 inch Screen;16MP Camera;4GB RAM;3050mAh ;Rs. 12,999
Vivo V5;5.5 inch Screen;13MP Camera;4GB RAM;3000mAh ;Rs. 14,999
Samsung Galaxy J3 Pro;5 inch Screen;8MP Camera;2GB RAM;2600mAh ;Rs. 6,990 
Samsung Galaxy J7 Prime 32GB;5.5 inch Screen;13MP Camera;3GB RAM;3300mAh ;Rs. 14,900
Samsung Galaxy On Nxt 64GB;5.5 inch Screen;13MP Camera;3GB RAM;3300mAh ;Rs. 12,900
Vivo V7 Plus;5.99 inch Screen;16MP Camera;4GB RAM;3225mAh ;Rs. 19,599
Samsung Galaxy J7 Max;5.7 inch Screen;13MP Camera;4GB RAM;3300mAh ;Rs. 17,190
Samsung Galaxy C9 Pro;6 inch Screen;16MP Camera;6GB RAM;4000mAh ;Rs. 29,820
Coolpad Note 5;5.5 inch Screen;13MP Camera;4GB RAM;4010mAh ;Rs. 8,999 
Xiaomi Redmi 4A;5 inch Screen;13MP Camera;2GB RAM;3120mAh ;Rs. 5,999 
Vivo Y66;5.5 inch Screen;13MP Camera;3GB RAM;3000mAh ;Rs. 12,220
Nokia D1C;5 inch Screen;16MP Camera;3GB RAM;3000mAh ;Rs. 14,999
Oppo F1s (4GB/64GB);5.5 inch Screen;13MP Camera;4GB RAM;3075mAh ;Rs. 16,499
Samsung Galaxy A9 Pro (2016);6 inch Screen;16MP Camera;4GB RAM;5000mAh ;Rs. 18,990
Motorola Moto E4 Plus;5.5 inch Screen;13MP Camera;3GB RAM;5000mAh ;Rs. 9,499 
Samsung Galaxy On Max;5.7 inch Screen;13MP Camera;4GB RAM;3300mAh ;Rs. 15,900
Xiaomi Redmi Note 4 (3GB/32GB);5.5 inch Screen;13MP Camera;3GB RAM;4100mAh ;Rs. 9,999 
Xiaomi Redmi 4a (3GB/32GB);5 inch Screen;13MP Camera;3GB RAM;3120mAh ;Rs. 6,999 
Oppo A37;5 inch Screen;8MP Camera;2GB RAM;2630mAh ;Rs. 8,499 
Samsung Galaxy On5 Pro;5 inch Screen;8MP Camera;2GB RAM;2600mAh ;Rs. 6,490 
Samsung Galaxy On8;5.5 inch Screen;13MP Camera;3GB RAM;3300mAh ;Rs. 11,990
Xiaomi Redmi 4 (3GB/32GB);5 inch Screen;13MP Camera;3GB RAM;4100mAh ;Rs. 8,499 
Motorola Moto C Plus;5 inch Screen;8MP Camera;2GB RAM;4000mAh ;Rs. 5,999 
Samsung Galaxy On5;5 inch Screen;8MP Camera;1.5GB RAM;2600mAh ;Rs. 5,990 
Vivo Y55S;5.2 inch Screen;13MP Camera;3GB RAM;2730mAh ;Rs. 10,350
Lenovo K6 Power;5 inch Screen;13MP Camera;3GB RAM;4000mAh ;Rs. 7,999 
Samsung Galaxy A5 (2017);5.2 inch Screen;16MP Camera;3GB RAM;3000mAh ;Rs. 17,990
Samsung Galaxy J5 (2016);5.2 inch Screen;13MP Camera;2GB RAM;3100mAh ;Rs. 12,999
Samsung Galaxy J7 Pro;5.5 inch Screen;13MP Camera;3GB RAM;3600mAh ;Rs. 20,900
Vivo V5 Plus;5.5 inch Screen;16MP Camera;4GB RAM;3055mAh ;Rs. 18,799
Vivo Y53;5 inch Screen;8MP Camera;2GB RAM;2500mAh ;Rs. 8,420 
Samsung Z2 Tizen;4 inch Screen;5MP Camera;1GB RAM;1500mAh ;Rs. 4,425 
Vivo Y21L 4G;4.5 inch Screen;5MP Camera;1GB RAM;2000mAh ;Rs. 6,950 
Samsung Galaxy J7 Nxt;5.5 inch Screen;13MP Camera;2GB RAM;3000mAh ;Rs. 11,490
Apple iPhone 6s;4.7 inch Screen;12MP Camera;2GB RAM;1715mAh ;Rs. 33,490
Samsung Galaxy On7;5.5 inch Screen;13MP Camera;1.5GB RAM;3000mAh ;Rs. 6,590 
Samsung Galaxy A7 (2017);5.7 inch Screen;16MP Camera;3GB RAM;3600mAh ;Rs. 20,990
Lenovo K6 Note 4GB;5.5 inch Screen;16MP Camera;4GB RAM;4000mAh ;Rs. 10,875
Nokia 6;5.5 inch Screen;16MP Camera;3GB RAM;3000mAh ;Rs. 14,999
Oppo A57;5.2 inch Screen;13MP Camera;3GB RAM;2900mAh ;Rs. 12,600
Xiaomi Redmi 4 (4GB/64GB);5 inch Screen;13MP Camera;4GB RAM;4100mAh ;Rs. 8,099 
Xiaomi Mi Max 2;6.44 inch Screen;12MP Camera;4GB RAM;5300mAh ;Rs. 12,999
Samsung Galaxy On Nxt;5.5 inch Screen;13MP Camera;3GB RAM;3300mAh ;Rs. 15,749
Coolpad Cool 1;5.5 inch Screen;13MP Camera;4GB RAM;4000mAh ;Rs. 10,399
Vivo V5s;5.5 inch Screen;13MP Camera;4GB RAM;3000mAh ;Rs. 15,199
Motorola Moto G5S Plus 64GB;5.5 inch Screen;13MP Camera;4GB RAM;3000mAh ;Rs. 15,999
Motorola Moto M;5.5 inch Screen;16MP Camera;3GB RAM;3050mAh ;Rs. 11,999
Micromax Canvas 5;5.2 inch Screen;13MP Camera;3GB RAM;2900mAh ;Rs. 7,889 
Samsung Galaxy C7 Pro;5.7 inch Screen;16MP Camera;4GB RAM;3300mAh ;Rs. 24,900
Motorola Moto G5 Plus (4GB/32GB);5.2 inch Screen;12MP Camera;4GB RAM;3000mAh ;Rs. 13,999
Honor 6X;5.5 inch Screen;12MP Camera;3GB RAM;3340mAh ;Rs. 9,999 
Lenovo Vibe K5 Note (4GB);5.5 inch Screen;13MP Camera;4GB RAM;3500mAh ;Rs. 9,999 
Oppo F3;5.5 inch Screen;13MP Camera;4GB RAM;3200mAh ;Rs. 15,999
Vivo Y69;5.5 inch Screen;13MP Camera;3GB RAM;3000mAh ;Rs. 13,190
Lenovo Z2 Plus;5 inch Screen;13MP Camera;3GB RAM;3500mAh ;Rs. 9,799 
Samsung Galaxy J7 (2016);5.5 inch Screen;13MP Camera;2GB RAM;3300mAh ;Rs. 11,999
Lenovo K8 Note;5.5 inch Screen;13MP Camera;3GB RAM;4000mAh ;Rs. 10,999
Lenovo K6 Power (4GB);5 inch Screen;13MP Camera;4GB RAM;4000mAh ;Rs. 9,999 
Samsung Galaxy A7 (2016);5.5 inch Screen;13MP Camera;3GB RAM;3300mAh ;Rs. 17,490
Apple iPhone 7 Plus 128GB;5.5 inch Screen;12MP Camera;3GB RAM;2900mAh ;Rs. 59,999
Micromax Canvas XP 4G;5 inch Screen;8MP Camera;3GB RAM;2000mAh ;Rs. 4,632 
Samsung Galaxy J5;5 inch Screen;13MP Camera;1.5GB RAM;2600mAh ;Rs. 10,490
Lenovo P2;5.5 inch Screen;13MP Camera;3GB RAM;5100mAh ;Rs. 12,999
Samsung Galaxy J5 Prime;5 inch Screen;13MP Camera;2GB RAM;2400mAh ;Rs. 11,799
Samsung Galaxy J2;4.7 inch Screen;5MP Camera;1GB RAM;2000mAh ;Rs. 6,690 
Honor 8;5.2 inch Screen;12MP Camera;4GB RAM;3000mAh ;Rs. 14,999
Gionee P7 Max;5.5 inch Screen;13MP Camera;3GB RAM;3100mAh ;Rs. 9,199 
Micromax Canvas Infinity;5.7 inch Screen;13MP Camera;3GB RAM;2900mAh ;Rs. 9,799 
Panasonic Eluga Ray Max (4GB/64GB);5.2 inch Screen;16MP Camera;4GB RAM;3000mAh ;Rs. 10,999
Apple iPhone 6 32GB;4.7 inch Screen;8MP Camera;1GB RAM;1810mAh ;Rs. 23,999
LeEco Le Max 2;5.7 inch Screen;21MP Camera;4GB RAM;3100mAh ;Rs. 11,990
Gionee A1;5.5 inch Screen;13MP Camera;4GB RAM;4010mAh ;Rs. 13,999
OnePlus 5;5.5 inch Screen;20MP Camera;6GB RAM;3300mAh ;Rs. 32,955
Samsung Galaxy S8 Plus;6.2 inch Screen;12MP Camera;4GB RAM;3500mAh ;Rs. 58,900
Micromax Canvas Juice 4G;5 inch Screen;8MP Camera;2GB RAM;4000mAh ;Rs. 6,890 
Nokia 3;5 inch Screen;8MP Camera;2GB RAM;2650mAh ;Rs. 8,290 
Samsung Galaxy J2 Ace (G532G);5 inch Screen;8MP Camera;1.5GB RAM;2600mAh ;Rs. 8,000 
Micromax Vdeo 4 (Q4251);5 inch Screen;8MP Camera;1GB RAM;4000mAh ;Rs. 5,845 
Samsung Galaxy J1 4G (2017);4.5 inch Screen;5MP Camera;1GB RAM;2050mAh ;Rs. 6,890 
Itel SelfiePro it1520;5 inch Screen;13MP Camera;2GB RAM;2500mAh ;Rs. 7,100 
Micromax Canvas Sliver 5 Q450;4.8 inch Screen;8MP Camera;2GB RAM;2000mAh ;Rs. 6,190 
Coolpad Cool 1 Dual 3GB;5.5 inch Screen;13MP Camera;3GB RAM;4000mAh ;Rs. 8,999 
Honor 6X (4GB/64GB);5.5 inch Screen;12MP Camera;4GB RAM;3340mAh ;Rs. 11,999
Samsung Galaxy S7 Edge;5.5 inch Screen;12MP Camera;4GB RAM;3600mAh ;Rs. 38,900
Samsung Galaxy J7;5.5 inch Screen;13MP Camera;1.5GB RAM;3000mAh ;Rs. 11,700
Oppo F3 Plus;6 inch Screen;16MP Camera;4GB RAM;4000mAh ;Rs. 23,899
Oppo A71;5.2 inch Screen;13MP Camera;3GB RAM;3000mAh ;Rs. 11,300
Apple iPhone SE;4 inch Screen;12MP Camera;2GB RAM;1642mAh ;Rs. 18,999
Samsung Galaxy Note 8;6.3 inch Screen;12MP Camera;6GB RAM;3300mAh ;Rs. 67,900
LYF Water 1;5 inch Screen;13MP Camera;2GB RAM;2600mAh ;Rs. 6,078 
Xiaomi Redmi 4;5 inch Screen;13MP Camera;2GB RAM;4100mAh ;Rs. 6,999 
Samsung Galaxy C5 (64GB);5.2 inch Screen;16MP Camera;4GB RAM;2600mAh ;Rs. 18,490
Apple iPhone 6;4.7 inch Screen;8MP Camera;1GB RAM;1810mAh ;Rs. 24,499
Lenovo Vibe K5 Plus 3GB;5 inch Screen;13MP Camera;3GB RAM;2750mAh ;Rs. 7,499 
Xiaomi Mi A1;5.5 inch Screen;12MP Camera;4GB RAM;3080mAh ;Rs. 14,999
Micromax Canvas 6 Pro;5.5 inch Screen;13MP Camera;4GB RAM;3000mAh ;Rs. 8,497 
Micromax Unite Canvas 4 Pro Q465;5 inch Screen;8MP Camera;2GB RAM;3900mAh ;Rs. 8,771 
Lenovo Z2 Plus (4GB/64GB);5 inch Screen;13MP Camera;4GB RAM;3500mAh ;Rs. 10,280
Samsung Galaxy A5;5 inch Screen;13MP Camera;2GB RAM;2300mAh ;Rs. 15,490
Samsung Galaxy J5 Prime (32GB);5 inch Screen;8MP Camera;3GB RAM;2400mAh ;Rs. 12,990
Itel It1512;5 inch Screen;5MP Camera;1GB RAM;2500mAh ;Rs. 6,491 
HTC Desire 10 pro;5.5 inch Screen;20MP Camera;4GB RAM;3000mAh ;Rs. 18,799
LG Q6;5.5 inch Screen;13MP Camera;3GB RAM;3000mAh ;Rs. 12,990
Panasonic Eluga Ray 700;5.5 inch Screen;13MP Camera;3GB RAM;5000mAh ;Rs. 9,999 
Nokia 5;5.2 inch Screen;13MP Camera;2GB RAM;3000mAh ;Rs. 12,299
Vivo Y55L;5.2 inch Screen;8MP Camera;2GB RAM;2650mAh ;Rs. 10,980
ZTE Blade A2 Plus;5.5 inch Screen;13MP Camera;4GB RAM;5000mAh ;Rs. 7,999 
Honor 8 Pro;5.7 inch Screen;12MP Camera;6GB RAM;4000mAh ;Rs. 26,999
Motorola Moto Z Play;5.5 inch Screen;16MP Camera;3GB RAM;3510mAh ;Rs. 22,499
Asus Zenfone Max 2016 2GB;5.5 inch Screen;13MP Camera;2GB RAM;5000mAh ;Rs. 7,299 
Xiaomi Redmi 4 Prime;5 inch Screen;13MP Camera;3GB RAM;4100mAh ;Rs. 8,999 
Lenovo P2 4GB;5.5 inch Screen;13MP Camera;4GB RAM;5100mAh ;Rs. 14,999
Oppo Neo 5 (2014);4.5 inch Screen;5MP Camera;1GB RAM;1900mAh ;Rs. 6,991 
Infinix Hot 4 Pro;5.5 inch Screen;13MP Camera;3GB RAM;4000mAh ;Rs. 5,999 
Micromax Canvas Xpress 4G;5 inch Screen;8MP Camera;2GB RAM;2000mAh ;Rs. 4,599 
Apple iPhone SE (32GB);4 inch Screen;12MP Camera;2GB RAM;1642mAh ;Rs. 17,999
Samsung Galaxy S6;5.1 inch Screen;16MP Camera;3GB RAM;2550mAh ;Rs. 31,856
Micromax Bolt Selfie Q424;4.5 inch Screen;5MP Camera;1GB RAM;1750mAh ;Rs. 4,209 
Motorola Moto G5 Plus;5.2 inch Screen;12MP Camera;3GB RAM;3000mAh ;Rs. 13,999
Samsung Galaxy C7 (64GB);5.7 inch Screen;16MP Camera;4GB RAM;3300mAh ;Rs. 22,700
Coolpad Cool Play 6;5.5 inch Screen;13MP Camera;6GB RAM;4000mAh ;Rs. 14,999
Samsung Galaxy A3 (2017);4.7 inch Screen;13MP Camera;2GB RAM;2350mAh ;Rs. 13,990
LYF F1S;5.2 inch Screen;16MP Camera;3GB RAM;3000mAh ;Rs. 8,999 
Micromax Bharat 2;4 inch Screen;2MP Camera;512MB RAM;1300mAh ;Rs. 3,225 
Samsung Galaxy S7;5.1 inch Screen;12MP Camera;4GB RAM;3000mAh ;Rs. 29,990
Xiaomi Redmi Note 3 (16GB);5.5 inch Screen;16MP Camera;2GB RAM;4050mAh ;Rs. 10,279
Panasonic P55 Max;5.5 inch Screen;13MP Camera;3GB RAM;5000mAh ;Rs. 7,499 
Honor 8 Smart;5.2 inch Screen;13MP Camera;2GB RAM;3000mAh ;Rs. 9,499 
Micromax Canvas Knight 2 E471;5 inch Screen;13MP Camera;2GB RAM;2230mAh ;Rs. 5,999 
Lenovo K8 Plus;5.2 inch Screen;13MP Camera;3GB RAM;4000mAh ;Rs. 8,999 
Motorola Moto G4 Plus 32GB;5.5 inch Screen;16MP Camera;3GB RAM;3000mAh ;Rs. 12,269
Micromax Vdeo 3 (Q4202);5 inch Screen;5MP Camera;1GB RAM;2000mAh ;Rs. 4,990 
Intex Cloud Q11 4G;5.5 inch Screen;8MP Camera;1GB RAM;2800mAh ;Rs. 4,699 
Vivo V3;5 inch Screen;13MP Camera;3GB RAM;2550mAh ;Rs. 14,980
Karbonn Titanium Vista 4G;5 inch Screen;8MP Camera;1GB RAM;2300mAh ;Rs. 4,899 
Oppo R7 Lite;5 inch Screen;13MP Camera;2GB RAM;2320mAh ;Rs. 11,100
Honor 5X;5.5 inch Screen;13MP Camera;2GB RAM;3000mAh ;Rs. 8,999 
Apple iPhone 6 Plus;5.5 inch Screen;8MP Camera;1GB RAM;2915mAh ;Rs. 32,990
Apple iPhone 6s 32GB;4.7 inch Screen;12MP Camera;2GB RAM;1715mAh ;Rs. 34,499
Tecno i3;5 inch Screen;8MP Camera;2GB RAM;3050mAh ;Rs. 7,999 
Micromax Canvas Spark 4G;5 inch Screen;5MP Camera;1GB RAM;2000mAh ;Rs. 3,899 
Panasonic Eluga Ray;5 inch Screen;13MP Camera;3GB RAM;4000mAh ;Rs. 7,999 
OnePlus 5 (8GB/128GB);5.5 inch Screen;20MP Camera;8GB RAM;3300mAh ;Rs. 43,490
Asus Zenfone 2 2.3GHz/4GB/32GB;5.5 inch Screen;13MP Camera;4GB RAM;3000mAh ;Rs. 8,799 
Gionee S6;5.5 inch Screen;13MP Camera;3GB RAM;3150mAh ;Rs. 10,949
Vivo V1 Max;5.5 inch Screen;13MP Camera;2GB RAM;2720mAh ;Rs. 11,052
Oppo F1s;5.5 inch Screen;13MP Camera;3GB RAM;3075mAh ;Rs. 16,990
Intex Aqua 4.0 4G;4 inch Screen;2MP Camera;512MB RAM;1500mAh ;Rs. 3,284 
Vivo Y51L;5 inch Screen;8MP Camera;2GB RAM;2350mAh ;Rs. 9,290 
Apple iPhone 6s Plus 32GB;5.5 inch Screen;12MP Camera;2GB RAM;2750mAh ;Rs. 44,038
Motorola Moto Z Force 64GB;5.5 inch Screen;21MP Camera;4GB RAM;3500mAh ;Rs. 39,999
Nokia 8;5.3 inch Screen;13MP Camera;4GB RAM;3090mAh ;Rs. 35,999
Gionee X1;5 inch Screen;8MP Camera;2GB RAM;3000mAh ;Rs. 7,999 
Asus Zenfone 3 (ZE552KL);5.5 inch Screen;16MP Camera;4GB RAM;3000mAh ;Rs. 15,899
Motorola Moto X Force;5.4 inch Screen;21MP Camera;3GB RAM;3760mAh ;Rs. 19,990
Apple iPhone 5s;4 inch Screen;8MP Camera;1GB RAM;1560mAh ;Rs. 16,199
Oppo Neo 7;5 inch Screen;8MP Camera;1GB RAM;2420mAh ;Rs. 9,299 
Lenovo Vibe K5 Note (4GB/64GB);5.5 inch Screen;13MP Camera;4GB RAM;3500mAh ;Rs. 11,499
HTC One M9;5 inch Screen;20MP Camera;3GB RAM;2840mAh ;Rs. 14,990
LG V20;5.7 inch Screen;16MP Camera;4GB RAM;3200mAh ;Rs. 25,490
Apple iPhone 8;4.7 inch Screen;12MP Camera;2GB RAM;2700mAh ;Rs. 59,999
Micromax Canvas Mega 4G;5.5 inch Screen;13MP Camera;3GB RAM;2500mAh ;Rs. 7,499 
Samsung Galaxy A8;5.7 inch Screen;16MP Camera;2GB RAM;3050mAh ;Rs. 25,990
Honor 8 Lite;5.2 inch Screen;12MP Camera;4GB RAM;3000mAh ;Rs. 14,320
Panasonic P85;5 inch Screen;8MP Camera;2GB RAM;4000mAh ;Rs. 4,999 
Motorola Moto E3 Power;5 inch Screen;8MP Camera;2GB RAM;3500mAh ;Rs. 6,999 
Lava X38 2GB RAM;5 inch Screen;8MP Camera;2GB RAM;4000mAh ;Rs. 6,500 
Tecno i3 Pro;5 inch Screen;8MP Camera;3GB RAM;3050mAh ;Rs. 9,999 
Apple iPhone 7 Plus;5.5 inch Screen;12MP Camera;3GB RAM;2900mAh ;Rs. 54,999
Lenovo Vibe P1 Turbo;5.5 inch Screen;13MP Camera;3GB RAM;5000mAh ;Rs. 9,499 
Xiaomi Redmi 3S;5 inch Screen;13MP Camera;2GB RAM;4100mAh ;Rs. 7,490 
Coolpad Note 5 Lite;5 inch Screen;13MP Camera;3GB RAM;2500mAh ;Rs. 6,999 
Samsung Galaxy S8;5.8 inch Screen;12MP Camera;4GB RAM;3000mAh ;Rs. 53,900
Honor Holly 2 Plus;5 inch Screen;13MP Camera;2GB RAM;4000mAh ;Rs. 7,890 
Samsung Galaxy J2 (2016);5 inch Screen;8MP Camera;1.5GB RAM;2600mAh ;Rs. 7,500 
Lenovo A6600 Plus;5 inch Screen;8MP Camera;2GB RAM;2300mAh ;Rs. 5,440 
Oppo F1 Plus;5.5 inch Screen;13MP Camera;4GB RAM;2850mAh ;Rs. 19,999
Lenovo Zuk Z1;5.5 inch Screen;13MP Camera;3GB RAM;4100mAh ;Rs. 9,700 
Intex Aqua Pro 4G;4.5 inch Screen;5MP Camera;1GB RAM;3200mAh ;Rs. 4,198 
Xiaomi Redmi 3S Prime;5 inch Screen;13MP Camera;3GB RAM;4100mAh ;Rs. 6,949 
Apple iPhone 6 Plus 64GB;5.5 inch Screen;8MP Camera;1GB RAM;2915mAh ;Rs. 38,990
Apple iPhone 6s Plus;5.5 inch Screen;12MP Camera;2GB RAM;2750mAh ;Rs. 36,990
Apple iPhone 6s 64GB;4.7 inch Screen;12MP Camera;2GB RAM;1715mAh ;Rs. 71,000
Samsung Galaxy Grand Prime 4G;5 inch Screen;8MP Camera;1GB RAM;2600mAh ;Rs. 11,500
Ziox QUIQ Flash 4G;5 inch Screen;5MP Camera;1GB RAM;2450mAh ;Rs. 4,942 
Gionee S6 Pro;5.5 inch Screen;13MP Camera;4GB RAM;3130mAh ;Rs. 13,149
Samsung Galaxy A5 (2016);5.2 inch Screen;13MP Camera;2GB RAM;2900mAh ;Rs. 17,900
Asus Zenfone 4 Selfie (ZD553KL);5.5 inch Screen;16MP Camera;4GB RAM;3000mAh ;Rs. 13,999
Micromax Evok Power;5 inch Screen;8MP Camera;2GB RAM;4000mAh ;Rs. 6,999 
Oppo F1;5 inch Screen;13MP Camera;3GB RAM;2500mAh ;Rs. 13,350
Micromax Evok Note;5.5 inch Screen;13MP Camera;3GB RAM;4000mAh ;Rs. 8,499 
Samsung Galaxy On7 (2016);5.5 inch Screen;13MP Camera;3GB RAM;3300mAh ;Rs. 16,990
Intex Aqua Strong 5.1 Plus;5 inch Screen;5MP Camera;1GB RAM;2000mAh ;Rs. 3,130 
Sony Xperia XA1;5 inch Screen;23MP Camera;3GB RAM;2300mAh ;Rs. 15,990
Samsung Galaxy C8;5.5 inch Screen;13MP Camera;4GB RAM;2560mAh ;Rs. 24,990
Samsung Galaxy Ace 3;4 inch Screen;5MP Camera;1GB RAM;1500mAh ;Rs. 3,999 
Vivo V1;5 inch Screen;13MP Camera;2GB RAM;2300mAh ;Rs. 12,499
LG G4 Dual Sim;5.5 inch Screen;16MP Camera;3GB RAM;3000mAh ;Rs. 18,999
Lenovo K6 Note;5.5 inch Screen;16MP Camera;3GB RAM;4000mAh ;Rs. 9,949 
OnePlus 3T;5.5 inch Screen;16MP Camera;6GB RAM;3400mAh ;Rs. 24,999
Apple iPhone 7;4.7 inch Screen;12MP Camera;2GB RAM;1960mAh ;Rs. 38,799
Lenovo A2010;4.5 inch Screen;5MP Camera;1GB RAM;2000mAh ;Rs. 6,000 
Infinix Note 4;5.7 inch Screen;13MP Camera;2GB RAM;4300mAh ;Rs. 7,999 
Vivo X7 Plus;5.7 inch Screen;16MP Camera;4GB RAM;4000mAh ;Rs. 28,990
Lenovo K8 Plus (4GB);5.2 inch Screen;13MP Camera;4GB RAM;4000mAh ;Rs. 10,999
Micromax Canvas 6;5.5 inch Screen;13MP Camera;3GB RAM;3000mAh ;Rs. 7,539 
Vivo V3 Max;5.5 inch Screen;13MP Camera;4GB RAM;3000mAh ;Rs. 21,500
Asus Zenfone 2 2.3GHz/4GB/64GB;5.5 inch Screen;13MP Camera;4GB RAM;3000mAh ;Rs. 22,999
Vivo V5 Plus IPL Limited Edition;5.5 inch Screen;16MP Camera;4GB RAM;3055mAh ;Rs. 22,990
Intex Aqua 5.5 VR;5.5 inch Screen;5MP Camera;1GB RAM;2800mAh ;Rs. 4,499 
Honor 5C;5.2 inch Screen;13MP Camera;2GB RAM;3000mAh ;Rs. 7,999 
Gionee F5;5.3 inch Screen;13MP Camera;4GB RAM;4000mAh ;- 
Micromax Canvas 5 Lite (Special Edition);5 inch Screen;8MP Camera;3GB RAM;2000mAh ;Rs. 5,490 
Oppo R5;5.2 inch Screen;13MP Camera;2GB RAM;2000mAh ;Rs. 9,600 
Apple iPhone 5c;4 inch Screen;8MP Camera;1GB RAM;1510mAh ;Rs. 11,990
Motorola Moto G5S;5.2 inch Screen;16MP Camera;3GB RAM;3000mAh ;Rs. 12,750
Apple iPhone 5s 32GB;4 inch Screen;8MP Camera;1GB RAM;1560mAh ;Rs. 20,999
Xiaomi Mi Max 2 (64GB);6.44 inch Screen;12MP Camera;4GB RAM;5300mAh ;Rs. 14,999
Intex Aqua Supreme+;5 inch Screen;13MP Camera;2GB RAM;3000mAh ;Rs. 6,590 
Motorola Moto C;5 inch Screen;5MP Camera;1GB RAM;2350mAh ;Rs. 5,380 
Lenovo Vibe K5 Note (3GB);5.5 inch Screen;13MP Camera;3GB RAM;3500mAh ;Rs. 11,999
Apple iPhone 5s 64GB;4 inch Screen;8MP Camera;1GB RAM;1560mAh ;Rs. 22,990
LYF Water 10;5 inch Screen;13MP Camera;3GB RAM;2300mAh ;Rs. 6,389 
Samsung Galaxy A7;5.5 inch Screen;13MP Camera;2GB RAM;2600mAh ;Rs. 13,599
Samsung Galaxy J Max;7 inch Screen;8MP Camera;1.5GB RAM;4000mAh ;Rs. 11,649
Lenovo Phab 2 Plus;6.4 inch Screen;13MP Camera;3GB RAM;4050mAh ;Rs. 13,999
Micromax Bolt Warrior 2 Q4202;5 inch Screen;5MP Camera;1GB RAM;2000mAh ;Rs. 6,499 
Micromax Dual 5;5.5 inch Screen;13MP Camera;4GB RAM;3200mAh ;Rs. 23,999
Micromax Canvas Play 4G Q469;5.5 inch Screen;13MP Camera;2GB RAM;2820mAh ;Rs. 7,739 
Asus ZenFone 3 Max (ZC553KL);5.5 inch Screen;16MP Camera;3GB RAM;4100mAh ;Rs. 10,330
LeEco Le 2;5.5 inch Screen;16MP Camera;3GB RAM;3000mAh ;Rs. 10,990
Micromax Canvas Blaze 4G Q400;4.5 inch Screen;5MP Camera;1GB RAM;2000mAh ;Rs. 4,880 
LG G6;5.7 inch Screen;13MP Camera;4GB RAM;3300mAh ;Rs. 32,799
Motorola Moto G5;5 inch Screen;13MP Camera;3GB RAM;2800mAh ;Rs. 10,430
LG G5;5.3 inch Screen;16MP Camera;4GB RAM;2800mAh ;Rs. 24,380
LYF F1;5.5 inch Screen;16MP Camera;3GB RAM;3200mAh ;Rs. 8,740 
Xiaomi Redmi Note 3;5.5 inch Screen;16MP Camera;3GB RAM;4050mAh ;Rs. 11,999
Motorola Moto G4;5.5 inch Screen;13MP Camera;2GB RAM;3000mAh ;Rs. 9,999 
Lava A97 2GB RAM;5 inch Screen;5MP Camera;2GB RAM;2350mAh ;Rs. 5,299 
Vivo V5 Lite;5.5 inch Screen;13MP Camera;3GB RAM;3000mAh ;Rs. 15,980
Motorola Moto X Play;5.5 inch Screen;21MP Camera;2GB RAM;3630mAh ;Rs. 14,990
Coolpad Max A-8;5.5 inch Screen;13MP Camera;4GB RAM;2800mAh ;Rs. 10,790
Apple iPhone 7 128GB;4.7 inch Screen;12MP Camera;2GB RAM;1960mAh ;Rs. 49,999
Apple iPhone 7 Plus 256GB;5.5 inch Screen;12MP Camera;3GB RAM;2900mAh ;Rs. 58,190
iVOOMi Me3;5.2 inch Screen;8MP Camera;2GB RAM;3000mAh ;Rs. 4,999 
Asus ZenFone 2 Laser 2GB/16GB;5.5 inch Screen;13MP Camera;2GB RAM;3000mAh ;Rs. 9,999 
Sony Xperia Z3+;5.2 inch Screen;20.7MP Camera;3GB RAM;2930mAh ;Rs. 19,190
Motorola Moto X Play 32GB;5.5 inch Screen;21MP Camera;2GB RAM;3630mAh ;Rs. 18,999
Gionee F103 Pro;5 inch Screen;13MP Camera;3GB RAM;2400mAh ;Rs. 8,690 
Gionee S6s;5.5 inch Screen;13MP Camera;3GB RAM;3150mAh ;Rs. 12,065
Vivo Y31L;4.7 inch Screen;8MP Camera;1GB RAM;2200mAh ;Rs. 8,499 
Karbonn Aura Note 4G;5.5 inch Screen;8MP Camera;2GB RAM;2800mAh ;Rs. 5,180 
Tenor G (4GB/64GB);5.5 inch Screen;13MP Camera;4GB RAM;4000mAh ;Rs. 12,999
Xiaomi Redmi Note 4 (2GB/32GB);5.5 inch Screen;13MP Camera;2GB RAM;4100mAh ;Rs. 8,999 
Sony Xperia XA1 Plus (4GB);5.5 inch Screen;23MP Camera;4GB RAM;3430mAh ;Rs. 23,999
Alcatel A7;5.5 inch Screen;16MP Camera;3GB RAM;4000mAh ;- 
Honor Holly 3;5.5 inch Screen;13MP Camera;2GB RAM;3100mAh ;Rs. 7,999 
Huawei Mate 9 Porsche Design;5.5 inch Screen;20MP Camera;6GB RAM;4000mAh ;Rs. 1,10,9
OnePlus 3;5.5 inch Screen;16MP Camera;6GB RAM;3000mAh ;Rs. 21,990
Samsung Galaxy C5 Pro;5.2 inch Screen;16MP Camera;4GB RAM;2600mAh ;Rs. 18,750
HTC Desire 828 32GB;5.5 inch Screen;13MP Camera;3GB RAM;2800mAh ;Rs. 10,999
Motorola Moto G 2nd Gen 4G;5 inch Screen;8MP Camera;1GB RAM;2390mAh ;Rs. 6,999 
Nubia N2;5.5 inch Screen;13MP Camera;4GB RAM;5000mAh ;Rs. 12,999
OnePlus One;5.5 inch Screen;13MP Camera;3GB RAM;3100mAh ;Rs. 18,287
Asus ZenFone 3S Max (ZC521TL);5.2 inch Screen;13MP Camera;3GB RAM;5000mAh ;Rs. 8,999 
Vivo X6;5.2 inch Screen;13MP Camera;4GB RAM;2400mAh ;Rs. 27,999
LG X Cam;5.2 inch Screen;13MP Camera;2GB RAM;2520mAh ;Rs. 10,990
Intex Cloud Style 4G;12.7 inch Screen;8MP Camera;1GB RAM;2500mAh ;Rs. 4,749 
Acer Liquid Z530;5 inch Screen;8MP Camera;2GB RAM;2420mAh ;Rs. 5,800 
HTC Desire 728 Dual SIM;5.5 inch Screen;13MP Camera;2GB RAM;2800mAh ;Rs. 9,519 
Lava X81;5 inch Screen;13MP Camera;3GB RAM;2700mAh ;Rs. 7,990 
Samsung Galaxy S7 Edge (64GB);5.5 inch Screen;12MP Camera;4GB RAM;3600mAh ;Rs. 44,169
Intex Aqua Crystal Plus;5 inch Screen;13MP Camera;2GB RAM;2100mAh ;Rs. 4,999 
Motorola Moto E4;5 inch Screen;8MP Camera;2GB RAM;2800mAh ;Rs. 7,499 
InFocus Snap 4;5.2 inch Screen;13MP Camera;4GB RAM;3000mAh ;Rs. 11,999
Micromax Canvas 2 (2017);5 inch Screen;13MP Camera;3GB RAM;3050mAh ;Rs. 7,480 
Sony Xperia L1;5.5 inch Screen;13MP Camera;2GB RAM;2620mAh ;Rs. 9,999 
Sony Xperia XA1 Ultra;6 inch Screen;23MP Camera;4GB RAM;2700mAh ;Rs. 24,990
Oppo Find 7;5.5 inch Screen;13MP Camera;3GB RAM;3000mAh ;Rs. 20,500
Huawei Honor 6S;5.5 inch Screen;13MP Camera;3GB RAM;3300mAh ;Rs. 8,500 
Micromax Canvas 5 Lite;5 inch Screen;8MP Camera;2GB RAM;2000mAh ;Rs. 4,840 
Asus ZenFone 4 Selfie (ZB553KL);5.5 inch Screen;13MP Camera;3GB RAM;3000mAh ;Rs. 9,999 
Intex Aqua A4;4 inch Screen;5MP Camera;1GB RAM;1750mAh ;Rs. 2,999 
Sony Xperia XA Dual;5 inch Screen;13MP Camera;2GB RAM;2300mAh ;Rs. 11,890
Samsung Galaxy S6 Edge 64GB;5.1 inch Screen;16MP Camera;3GB RAM;2600mAh ;Rs. 37,200
Lava A76 Plus;4.5 inch Screen;5MP Camera;1GB RAM;1850mAh ;Rs. 3,990 
Apple iPhone 6 Plus 128GB;5.5 inch Screen;8MP Camera;1GB RAM;2915mAh ;Rs. 42,990
Panasonic Eluga A2;5 inch Screen;8MP Camera;3GB RAM;4000mAh ;Rs. 7,533 
Karbonn Aura Note 2;5.5 inch Screen;13MP Camera;2GB RAM;2900mAh ;Rs. 5,190 
Lava Z25;5.5 inch Screen;13MP Camera;4GB RAM;3020mAh ;Rs. 14,891
Asus Zenfone Selfie;5.5 inch Screen;13MP Camera;2GB RAM;3000mAh ;Rs. 9,999 
Itel it1518;5 inch Screen;8MP Camera;2GB RAM;2500mAh ;Rs. 7,550 
Motorola Moto X Force 64GB;5.4 inch Screen;21MP Camera;3GB RAM;3760mAh ;Rs. 24,988
Oppo A39;5.2 inch Screen;13MP Camera;3GB RAM;2900mAh ;Rs. 12,999
Asus Zenfone Max 2016 3GB;5.5 inch Screen;13MP Camera;3GB RAM;5000mAh ;Rs. 11,999
Apple iPhone 6s Plus 64GB;5.5 inch Screen;12MP Camera;2GB RAM;2750mAh ;Rs. 61,759
Panasonic Eluga Ray X;5.5 inch Screen;13MP Camera;3GB RAM;4000mAh ;Rs. 6,999 
Samsung Galaxy Note 7;5.7 inch Screen;12MP Camera;4GB RAM;3500mAh ;Rs. 69,190
Apple iPhone SE (64GB);4 inch Screen;12MP Camera;2GB RAM;1642mAh ;Rs. 27,685
Nubia N1 lite;5.5 inch Screen;8MP Camera;2GB RAM;3000mAh ;Rs. 5,999 
Meizu M5;5.2 inch Screen;13MP Camera;2GB RAM;3070mAh ;Rs. 7,690 
Samsung Galaxy Note 4;5.7 inch Screen;16MP Camera;3GB RAM;3220mAh ;Rs. 39,870
Vivo X5Max;5.5 inch Screen;13MP Camera;2GB RAM;2000mAh ;Rs. 16,499
Motorola Moto Z;5.5 inch Screen;13MP Camera;4GB RAM;2600mAh ;Rs. 24,990
Intex Aqua 5.5 VR+;5.5 inch Screen;8MP Camera;2GB RAM;2800mAh ;Rs. 5,499 
LG X Power;5.3 inch Screen;13MP Camera;2GB RAM;4100mAh ;Rs. 10,799
Lenovo K8;5.2 inch Screen;13MP Camera;3GB RAM;4000mAh ;Rs. 9,799 
Oppo N1 Mini;5 inch Screen;13MP Camera;2GB RAM;2140mAh ;Rs. 15,990
Asus Zenfone Max (ZC550KL);5.5 inch Screen;13MP Camera;2GB RAM;5000mAh ;Rs. 7,559 
Gionee Marathon M5 Lite (GSM+CDMA);5 inch Screen;8MP Camera;3GB RAM;4000mAh ;Rs. 15,209
Apple iPhone 8 Plus;5.5 inch Screen;12MP Camera;3GB RAM;2700mAh ;Rs. 67,999
HTC One X9;5.5 inch Screen;13MP Camera;3GB RAM;3000mAh ;Rs. 14,779
Apple iPhone 6 128GB;4.7 inch Screen;8MP Camera;1GB RAM;1810mAh ;Rs. 44,990
Tecno i5 Pro;5.5 inch Screen;13MP Camera;3GB RAM;4000mAh ;Rs. 11,999
Vivo X6 Plus;5.7 inch Screen;13MP Camera;4GB RAM;3000mAh ;Rs. 26,899
Gionee A1 Lite;5.3 inch Screen;13MP Camera;3GB RAM;4000mAh ;Rs. 13,989
Gionee Marathon M5 Plus;6 inch Screen;13MP Camera;3GB RAM;5020mAh ;Rs. 20,599
Lenovo Vibe K5 Plus;5 inch Screen;13MP Camera;2GB RAM;2750mAh ;Rs. 8,999 
Xolo Era 1X;5 inch Screen;8MP Camera;1GB RAM;2500mAh ;Rs. 3,999 
Honor Bee 2;4.5 inch Screen;5MP Camera;1GB RAM;2100mAh ;Rs. 5,549 
LeEco Le 2 64GB;5.5 inch Screen;16MP Camera;3GB RAM;3000mAh ;Rs. 13,249
Apple iPhone 6 64GB;4.7 inch Screen;8MP Camera;1GB RAM;1810mAh ;Rs. 42,990
Panasonic Eluga Ray 500;5 inch Screen;13MP Camera;3GB RAM;4000mAh ;Rs. 8,999 
Microsoft Lumia 950 XL;5.7 inch Screen;20MP Camera;3GB RAM;3340mAh ;Rs. 29,999
Yu Yunique 2;5 inch Screen;13MP Camera;2GB RAM;2500mAh ;Rs. 5,499 
Honor 4X;5.5 inch Screen;13MP Camera;2GB RAM;3000mAh ;Rs. 7,499 
Lava V5;5.5 inch Screen;13MP Camera;3GB RAM;3000mAh ;Rs. 9,999 
LG Stylus 2 Plus;5.7 inch Screen;16MP Camera;3GB RAM;3000mAh ;Rs. 16,899
HTC Desire 626 LTE;5 inch Screen;13MP Camera;2GB RAM;2000mAh ;Rs. 9,590 
Lenovo Vibe K4 Note;5.5 inch Screen;13MP Camera;3GB RAM;3300mAh ;Rs. 11,590
Oppo Find 7a;5.5 inch Screen;13MP Camera;2GB RAM;2800mAh ;Rs. 10,000
Lava Pixel V2 3GB RAM;5 inch Screen;13MP Camera;3GB RAM;2500mAh ;Rs. 8,999 
Lenovo Vibe Shot;5 inch Screen;16MP Camera;3GB RAM;2900mAh ;Rs. 9,900 
Micromax Canvas Mega 2 Plus;6 inch Screen;8MP Camera;2GB RAM;3000mAh ;Rs. 6,849 
Panasonic Eluga Ray Max;5.2 inch Screen;16MP Camera;4GB RAM;3000mAh ;Rs. 10,499
Asus Zenfone 3 (ZE520KL);5.2 inch Screen;16MP Camera;3GB RAM;2600mAh ;Rs. 10,999
Samsung Galaxy S7 Edge (128GB);5.5 inch Screen;12MP Camera;4GB RAM;3600mAh ;Rs. 49,900
Asus Zenfone Selfie 3GB/32GB;5.5 inch Screen;13MP Camera;3GB RAM;3000mAh ;Rs. 14,990
BlackBerry Optiemus;5.5 inch Screen;21MP Camera;4GB RAM;3000mAh ;Rs. 39,200
Gionee Marathon M5 Lite;5 inch Screen;8MP Camera;3GB RAM;4000mAh ;Rs. 9,670 
Sony Xperia XA Ultra;6 inch Screen;21.5MP Camera;3GB RAM;2700mAh ;Rs. 20,480
Itel SelfiePro it1511;5 inch Screen;8MP Camera;1GB RAM;2500mAh ;Rs. 5,999 
Nubia N1;5.5 inch Screen;13MP Camera;3GB RAM;5000mAh ;Rs. 15,157
Samsung Z4;4.5 inch Screen;5MP Camera;1GB RAM;1050mAh ;Rs. 5,790 
iVOOMi Me5;5 inch Screen;8MP Camera;2GB RAM;3000mAh ;Rs. 4,499 
HTC One ME;5.2 inch Screen;20MP Camera;3GB RAM;2840mAh ;Rs. 22,319
Xiaomi Mi Max Prime;6.44 inch Screen;16MP Camera;4GB RAM;4850mAh ;Rs. 19,999
Asus ZenFone 3 Max ZC520TL;5.2 inch Screen;13MP Camera;3GB RAM;4100mAh ;Rs. 9,780 
Coolpad Dazen X7;5.2 inch Screen;13MP Camera;2GB RAM;2700mAh ;Rs. 7,999 
HTC One (M8 Eye);5 inch Screen;13MP Camera;2GB RAM;2600mAh ;Rs. 14,499
Apple iPhone 6s 128GB;4.7 inch Screen;12MP Camera;2GB RAM;1715mAh ;Rs. 42,590
Honor 9i;5.9 inch Screen;13MP Camera;4GB RAM;3340mAh ;Rs. 17,999
Samsung Galaxy J3;5 inch Screen;8MP Camera;1.5GB RAM;2600mAh ;Rs. 7,990 
Nubia M2 Play;5.5 inch Screen;13MP Camera;3GB RAM;3000mAh ;Rs. 8,999 
Panasonic P77 (16GB);5 inch Screen;8MP Camera;1GB RAM;2000mAh ;Rs. 4,499 
Huawei Note 8;6.6 inch Screen;13MP Camera;4GB RAM;4500mAh ;Rs. 21,799
Jivi Grand 3000;5.5 inch Screen;13MP Camera;2GB RAM;3000mAh ;Rs. 6,730 
Nubia Z11;5.5 inch Screen;16MP Camera;6GB RAM;3000mAh ;Rs. 33,999
Samsung Galaxy J1 4G;4.3 inch Screen;5MP Camera;768MB RAM;1850mAh ;Rs. 6,290 
Lenovo A6000;5 inch Screen;8MP Camera;1GB RAM;2300mAh ;Rs. 6,800 
LYF C451;4.5 inch Screen;5MP Camera;1GB RAM;2800mAh ;Rs. 4,699 
Micromax Spark Vdeo;4.5 inch Screen;5MP Camera;1GB RAM;1800mAh ;Rs. 3,899 
Asus Zenfone Selfie 2016 (3GB/16GB);5.5 inch Screen;13MP Camera;3GB RAM;3000mAh ;Rs. 7,999 
LYF Water 7S;5.5 inch Screen;13MP Camera;3GB RAM;2800mAh ;Rs. 7,290 
Tecno i7;5.5 inch Screen;13MP Camera;4GB RAM;4000mAh ;Rs. 14,990
Samsung Galaxy J7 Plus;5.5 inch Screen;13MP Camera;4GB RAM;3000mAh ;Rs. 21,990
Sony Xperia M5 Dual;5 inch Screen;21.5MP Camera;3GB RAM;2600mAh ;Rs. 27,590
Micromax Evok Dual Note;5.5 inch Screen;13MP Camera;3GB RAM;3000mAh ;Rs. 9,499 
Yu Yunicorn;5.5 inch Screen;13MP Camera;4GB RAM;4000mAh ;Rs. 8,900 
Micromax Vdeo 1;4 inch Screen;5MP Camera;1GB RAM;1600mAh ;Rs. 3,575 
Panasonic P88;5.3 inch Screen;13MP Camera;2GB RAM;2600mAh ;Rs. 7,000 
HTC U11;5.5 inch Screen;12MP Camera;6GB RAM;3000mAh ;Rs. 53,990
Apple iPhone 6s Plus 128GB;5.5 inch Screen;12MP Camera;2GB RAM;2750mAh ;Rs. 49,999
BlackBerry Z10;4.2 inch Screen;8MP Camera;2GB RAM;1800mAh ;Rs. 5,531 
Motorola Moto G4 Plus 16GB;5.5 inch Screen;16MP Camera;2GB RAM;3000mAh ;Rs. 11,249
Vivo X5Pro;5.2 inch Screen;13MP Camera;2GB RAM;2450mAh ;Rs. 22,999
Sansui Horizon 1;4.5 inch Screen;5MP Camera;1GB RAM;2000mAh ;Rs. 2,999 
LeEco Le 1S;5.5 inch Screen;13MP Camera;3GB RAM;3000mAh ;Rs. 9,599 
Xiaomi Redmi Pro;5.5 inch Screen;13MP Camera;3GB RAM;4050mAh ;Rs. 14,799
Lava X50;5.5 inch Screen;8MP Camera;2GB RAM;2800mAh ;Rs. 6,199 
iVOOMi ME1 Plus;5 inch Screen;8MP Camera;2GB RAM;3000mAh ;Rs. 4,900 
Panasonic Eluga A3;5.2 inch Screen;13MP Camera;3GB RAM;4000mAh ;Rs. 8,950 
Apple iPhone 8 Plus 256GB;5.5 inch Screen;12MP Camera;3GB RAM;2700mAh ;Rs. 83,999
LYF C459;4.5 inch Screen;5MP Camera;1GB RAM;2000mAh ;Rs. 4,199 
Coolpad Note 3;5.5 inch Screen;13MP Camera;3GB RAM;3000mAh ;Rs. 8,850 
Motorola Moto X Style;5.7 inch Screen;21MP Camera;3GB RAM;3000mAh ;Rs. 26,999
Nubia M2;5.5 inch Screen;13MP Camera;4GB RAM;3630mAh ;Rs. 17,999
Huawei Honor 6;5 inch Screen;13MP Camera;3GB RAM;3100mAh ;Rs. 12,500
Micromax Canvas Pulse 4G;5 inch Screen;13MP Camera;3GB RAM;2100mAh ;Rs. 6,295 
LG Stylus 3;5.7 inch Screen;13MP Camera;3GB RAM;3200mAh ;Rs. 14,990
Samsung Galaxy Note 5;5.7 inch Screen;16MP Camera;4GB RAM;3000mAh ;Rs. 39,900
Lava A77;4.5 inch Screen;5MP Camera;1GB RAM;2000mAh ;Rs. 4,780 
Lenovo Vibe B;4.5 inch Screen;5MP Camera;1GB RAM;2000mAh ;Rs. 4,999 
Motorola Moto G5S Plus;5.5 inch Screen;13MP Camera;3GB RAM;3000mAh ;Rs. 14,999
InFocus Turbo 5 Plus;5.5 inch Screen;13MP Camera;3GB RAM;4850mAh ;Rs. 7,999 
Gionee F103 3GB RAM;5 inch Screen;8MP Camera;3GB RAM;2400mAh ;Rs. 9,299 
Vivo X9 Plus (128GB);5.8 inch Screen;16MP Camera;6GB RAM;4000mAh ;Rs. 34,999
Xiaomi Mi 5S Plus (6GB/128GB);5.7 inch Screen;13MP Camera;6GB RAM;3800mAh ;Rs. 25,999
Nubia Z17 mini;5.2 inch Screen;13MP Camera;4GB RAM;2950mAh ;Rs. 15,999
Asus ZenFone AR (ZS571KL);5.7 inch Screen;23MP Camera;8GB RAM;3300mAh ;Rs. 49,999
Lenovo Phab 2;6.4 inch Screen;13MP Camera;3GB RAM;4050mAh ;Rs. 10,999
Gionee A1 Plus;6 inch Screen;13MP Camera;4GB RAM;4500mAh ;Rs. 24,999
Motorola Moto E (2nd Gen) 4G;4.5 inch Screen;5MP Camera;1GB RAM;2390mAh ;Rs. 6,999 
Gionee P7;5 inch Screen;8MP Camera;2GB RAM;2300mAh ;Rs. 8,099 
Intex Aqua Music;5.5 inch Screen;13MP Camera;2GB RAM;3400mAh ;Rs. 7,399 
LG K10;5.3 inch Screen;13MP Camera;2GB RAM;2300mAh ;Rs. 9,499 
Asus Zenfone Go 5.5 (ZB552KL);5.5 inch Screen;13MP Camera;2GB RAM;3000mAh ;Rs. 7,499 
Reliance JioPhone;2.4 inch Screen;0.8MP Camera;512MB RAM;2000mAh ;Rs. 1,500 
LeEco Le 2 Pro 64GB;5.5 inch Screen;21MP Camera;4GB RAM;3000mAh ;Rs. 17,300
Samsung Galaxy S6 Edge;5.1 inch Screen;16MP Camera;3GB RAM;2600mAh ;Rs. 34,900
Lenovo Vibe P1m;5 inch Screen;8MP Camera;2GB RAM;3900mAh ;Rs. 17,000
Lava A97;5 inch Screen;5MP Camera;1GB RAM;2350mAh ;Rs. 5,200 
Xiaomi Redmi 4X;5 inch Screen;13MP Camera;2GB RAM;4100mAh ;Rs. 12,150
Huawei Nexus 6P;5.7 inch Screen;12.3MP Camera;3GB RAM;3450mAh ;Rs. 35,000
LYF Water 11;5 inch Screen;13MP Camera;3GB RAM;2100mAh ;Rs. 6,546 
Intex Aqua Ace 4G;5 inch Screen;13MP Camera;3GB RAM;2300mAh ;Rs. 8,599 
HTC Desire 628;5 inch Screen;13MP Camera;3GB RAM;2200mAh ;Rs. 10,490
Apple iPhone SE (128GB);4 inch Screen;12MP Camera;2GB RAM;1642mAh ;Rs. 28,490
LG K10 (2017);5.3 inch Screen;13MP Camera;2GB RAM;2800mAh ;Rs. 9,849 
Sony Xperia X Dual;5 inch Screen;23MP Camera;3GB RAM;2620mAh ;Rs. 24,499
Swipe Elite Star;4 inch Screen;5MP Camera;1GB RAM;2000mAh ;Rs. 2,999 
Oppo A59;5.5 inch Screen;13MP Camera;3GB RAM;3075mAh ;Rs. 17,999
Panasonic Eluga A3 Pro;5.2 inch Screen;13MP Camera;3GB RAM;4000mAh ;Rs. 11,499
Motorola Moto Z2 Play;5.5 inch Screen;12MP Camera;4GB RAM;3000mAh ;Rs. 23,990
Nokia 9;5.5 inch Screen;12MP Camera;4GB RAM;3800mAh ;Rs. 44,999
LYF Earth 1;5.5 inch Screen;13MP Camera;3GB RAM;3500mAh ;Rs. 15,000
Lenovo K3 Note;5.5 inch Screen;13MP Camera;2GB RAM;3000mAh ;Rs. 8,890 
HTC One E9s Dual Sim;5.5 inch Screen;13MP Camera;2GB RAM;2600mAh ;Rs. 9,000 
Micromax Bharat 1;2.4 inch Screen;2MP Camera;512MB RAM;1500mAh ;Rs. 1,199 
Intex Aqua Lions 3;5 inch Screen;8MP Camera;2GB RAM;4000mAh ;Rs. 6,380 
Samsung Galaxy S8 Plus (6GB/128GB);6.2 inch Screen;12MP Camera;6GB RAM;3500mAh ;Rs. 64,900
Vivo Xplay6;5.4 inch Screen;12MP Camera;6GB RAM;4080mAh ;Rs. 44,999
iVOOMi Me3S;5.2 inch Screen;13MP Camera;3GB RAM;3000mAh ;Rs. 5,999 
Xiaomi Mi MIX;6.4 inch Screen;16MP Camera;4GB RAM;4400mAh ;Rs. 59,950
Gionee Pioneer P5L;4.7 inch Screen;5MP Camera;1GB RAM;2300mAh ;Rs. 6,700 
Lenovo Vibe X3;5.5 inch Screen;21MP Camera;3GB RAM;3500mAh ;Rs. 19,999
Samsung Galaxy C7 (32GB);5.7 inch Screen;16MP Camera;4GB RAM;3300mAh ;Rs. 27,499
Micromax Canvas 1;5 inch Screen;8MP Camera;2GB RAM;2500mAh ;Rs. 6,499 
Coolpad Note 3 Plus;5.5 inch Screen;13MP Camera;3GB RAM;3000mAh ;Rs. 9,999 
Sony Xperia XZ Premium;5.5 inch Screen;19MP Camera;4GB RAM;3230mAh ;Rs. 55,950
Panasonic Eluga Note;5.5 inch Screen;16MP Camera;3GB RAM;3000mAh ;Rs. 11,299
Karbonn Aura Sleek 4G;5 inch Screen;5MP Camera;1GB RAM;4000mAh ;Rs. 4,699 
Panasonic Eluga I2 3GB RAM;5 inch Screen;8MP Camera;3GB RAM;2000mAh ;Rs. 6,450 
Lava A44;4 inch Screen;5MP Camera;1GB RAM;1500mAh ;Rs. 4,149 
Kodak Ektra;5 inch Screen;21MP Camera;3GB RAM;3000mAh ;Rs. 11,999
Swipe Elite 4G (2017);5 inch Screen;8MP Camera;1GB RAM;2500mAh ;Rs. 3,499 
Tenor G;5.5 inch Screen;13MP Camera;3GB RAM;4000mAh ;Rs. 10,999
Panasonic Eluga I3;5.5 inch Screen;13MP Camera;2GB RAM;2700mAh ;Rs. 7,500 
Lenovo Vibe X2-AP;5 inch Screen;13MP Camera;2GB RAM;2300mAh ;Rs. 9,999 
Micromax Canvas Nitro 4G E455;5 inch Screen;13MP Camera;2GB RAM;2500mAh ;Rs. 8,499 
Samsung Galaxy S8 Active;5.8 inch Screen;12MP Camera;4GB RAM;4000mAh ;Rs. 53,999
Xiaomi Redmi Note 5;5.5 inch Screen;16MP Camera;3GB RAM;3790mAh ;Rs. 12,999
Vivo X9 Plus;5.8 inch Screen;16MP Camera;6GB RAM;4000mAh ;Rs. 31,999
Nokia Heart;5.2 inch Screen;12MP Camera;2GB RAM;2000mAh ;Rs. 9,999 
Apple iPhone 7 256GB;4.7 inch Screen;12MP Camera;2GB RAM;1960mAh ;Rs. 44,499
LeEco Le 2 Pro;5.5 inch Screen;21MP Camera;4GB RAM;3000mAh ;Rs. 14,990
LG G3;5.5 inch Screen;13MP Camera;2GB RAM;3000mAh ;Rs. 22,999
Samsung Galaxy A3;4.5 inch Screen;8MP Camera;1GB RAM;1900mAh ;Rs. 13,800
Xiaomi Mi 5X;5.5 inch Screen;12MP Camera;4GB RAM;-;Rs. 14,999
Apple iPhone 8 256GB;4.7 inch Screen;12MP Camera;2GB RAM;2700mAh ;Rs. 74,999
Intex Aqua Lions 4G;5 inch Screen;5MP Camera;1GB RAM;2000mAh ;Rs. 4,038 
Karbonn Aura Power 4G Plus;5 inch Screen;5MP Camera;1GB RAM;4000mAh ;Rs. 5,100 
Gionee Elife S Plus;5.5 inch Screen;13MP Camera;3GB RAM;3150mAh ;Rs. 11,440
Intex Cloud Swift;5 inch Screen;8MP Camera;3GB RAM;2500mAh ;Rs. 7,090 
Lenovo Phab 2 Pro;6.4 inch Screen;16MP Camera;4GB RAM;4050mAh ;Rs. 22,900
HTC One E9+;5.5 inch Screen;20MP Camera;3GB RAM;2800mAh ;Rs. 19,850
Videocon Krypton 30;5 inch Screen;13MP Camera;3GB RAM;3000mAh ;Rs. 5,590 
Xiaomi Mi4i;5 inch Screen;13MP Camera;2GB RAM;3120mAh ;Rs. 10,990
iVOOMi iV Smart 4G;4 inch Screen;2MP Camera;512MB RAM;1800mAh ;Rs. 2,925 
Karbonn Quattro L50 HD;5 inch Screen;13MP Camera;2GB RAM;2650mAh ;Rs. 5,250 
Intex Aqua Note 5.5;5.5 inch Screen;8MP Camera;2GB RAM;2800mAh ;Rs. 5,499 
BlackBerry KEYone;4.5 inch Screen;12MP Camera;3GB RAM;3505mAh ;Rs. 39,990
InFocus Turbo 5;5.2 inch Screen;13MP Camera;2GB RAM;5000mAh ;Rs. 6,999 
Meizu M5 (3GB/32GB);5.2 inch Screen;13MP Camera;3GB RAM;3070mAh ;Rs. 7,498 
Coolpad Mega 3;5.5 inch Screen;8MP Camera;2GB RAM;3050mAh ;Rs. 7,550 
Microsoft Lumia 950;5.2 inch Screen;20MP Camera;3GB RAM;3000mAh ;Rs. 25,490
Asus Zenfone 3 Laser (ZC551KL);5.5 inch Screen;13MP Camera;4GB RAM;3000mAh ;Rs. 12,999
Kodak IM7;5 inch Screen;13MP Camera;3GB RAM;2600mAh ;Rs. 4,805 
Lenovo Zuk Z2 Pro;5.2 inch Screen;13MP Camera;6GB RAM;3100mAh ;Rs. 21,999
LG Stylus 2;5.7 inch Screen;13MP Camera;2GB RAM;3000mAh ;Rs. 11,290
LYF Earth 2;5 inch Screen;13MP Camera;3GB RAM;2500mAh ;Rs. 9,990 
Xiaomi Mi Note 2;5.7 inch Screen;22.56MP Camera;6GB RAM;4070mAh ;Rs. 31,999
Xiaomi Mi5;5.15 inch Screen;16MP Camera;3GB RAM;3000mAh ;Rs. 20,990
Swipe Elite Note;5.5 inch Screen;13MP Camera;3GB RAM;3000mAh ;Rs. 5,699 
HTC Desire 828 Dual Sim;5.5 inch Screen;13MP Camera;2GB RAM;2800mAh ;Rs. 9,700 
Swipe Elite Star (16GB);4 inch Screen;5MP Camera;1GB RAM;2000mAh ;Rs. 3,333 
Gionee F103 2GB RAM;5 inch Screen;8MP Camera;2GB RAM;2400mAh ;Rs. 8,999 
Intex Aqua Amaze+;4.7 inch Screen;5MP Camera;1GB RAM;2000mAh ;Rs. 3,899 
Tecno i5;5.5 inch Screen;13MP Camera;2GB RAM;4000mAh ;Rs. 10,500
Kult Beyond;5.2 inch Screen;13MP Camera;3GB RAM;3000mAh ;Rs. 6,999 
LG Nexus 5;4.95 inch Screen;8MP Camera;2GB RAM;2300mAh ;Rs. 19,999
Lenovo Vibe K4 Note Wooden Edition;5.5 inch Screen;13MP Camera;3GB RAM;3300mAh ;Rs. 11,999
LG X Screen;4.93 inch Screen;13MP Camera;2GB RAM;2300mAh ;Rs. 10,440
BlackBerry Z30;5 inch Screen;8MP Camera;2GB RAM;2880mAh ;Rs. 19,999
BlackBerry Passport;4.5 inch Screen;13MP Camera;3GB RAM;3450mAh ;Rs. 19,990
Lenovo A7000;5.5 inch Screen;8MP Camera;2GB RAM;2900mAh ;Rs. 8,800 
Itel Wish A41;5 inch Screen;5MP Camera;1GB RAM;2400mAh ;Rs. 5,840 
Samsung Galaxy S6 Edge+;5.7 inch Screen;16MP Camera;4GB RAM;3000mAh ;Rs. 53,900
Micromax Canvas Pace 4G Q416;5 inch Screen;5MP Camera;1GB RAM;2500mAh ;Rs. 5,999 
Sansui Horizon 2;5 inch Screen;8MP Camera;2GB RAM;2450mAh ;Rs. 4,499 
BlackBerry Leap;5 inch Screen;8MP Camera;2GB RAM;2800mAh ;Rs. 10,250
iVOOMi ME1;5 inch Screen;5MP Camera;1GB RAM;3000mAh ;Rs. 3,499 
LG G3 32GB D855;5.5 inch Screen;13MP Camera;3GB RAM;3000mAh ;Rs. 19,990
LG K7;5 inch Screen;5MP Camera;1.5GB RAM;2125mAh ;Rs. 7,799 
OnePlus 2 64 GB;5.5 inch Screen;13MP Camera;4GB RAM;3300mAh ;Rs. 19,795
Gionee Elife S7;5.2 inch Screen;13MP Camera;2GB RAM;2700mAh ;Rs. 25,999
Lava X28+;5.5 inch Screen;8MP Camera;1GB RAM;2600mAh ;Rs. 5,850 
LYF Water 8;5 inch Screen;13MP Camera;3GB RAM;2600mAh ;Rs. 6,999 
Lava X38;5 inch Screen;8MP Camera;1GB RAM;4000mAh ;Rs. 5,990 
Lava Iris X10;5 inch Screen;13MP Camera;3GB RAM;2900mAh ;Rs. 9,999 
Huawei P9;5.2 inch Screen;12MP Camera;3GB RAM;3000mAh ;Rs. 28,200
LYF Flame 3;4 inch Screen;5MP Camera;512MB RAM;1700mAh ;Rs. 2,999 
Xiaomi Mi 6;5.15 inch Screen;12MP Camera;6GB RAM;3350mAh ;Rs. 24,999
Lenovo Vibe X2;5 inch Screen;13MP Camera;2GB RAM;2300mAh ;Rs. 7,999 
Coolpad Note 3S;5.5 inch Screen;13MP Camera;3GB RAM;2500mAh ;Rs. 8,449 
Karbonn K9 Smart 4G;5 inch Screen;5MP Camera;1GB RAM;2300mAh ;Rs. 4,145 
Micromax Vdeo 5 (Q4220);5.5 inch Screen;8MP Camera;1GB RAM;3000mAh ;Rs. 6,749 
iVOOMi Me4;4.5 inch Screen;5MP Camera;1GB RAM;2000mAh ;Rs. 2,999 
BlackBerry Priv;5.4 inch Screen;18MP Camera;3GB RAM;3410mAh ;Rs. 27,900
Asus ZenFone Live (ZB501KL);5 inch Screen;13MP Camera;2GB RAM;2650mAh ;Rs. 8,499 
Kult Gladiator;5.5 inch Screen;13MP Camera;3GB RAM;4000mAh ;Rs. 6,999 
Xolo Era 1X Pro;5 inch Screen;8MP Camera;2GB RAM;2500mAh ;Rs. 4,999 
Ziox Astra Metal 4G;5 inch Screen;5MP Camera;1GB RAM;-;Rs. 4,992 
Samsung Galaxy J1 (2016);4.5 inch Screen;5MP Camera;1GB RAM;2050mAh ;Rs. 6,890 
Sony Xperia Z5 Dual;5.2 inch Screen;23MP Camera;3GB RAM;2900mAh ;Rs. 30,990
Lava Z10;5 inch Screen;8MP Camera;2GB RAM;2620mAh ;Rs. 8,891 
Intex Aqua 4G Mini;4 inch Screen;5MP Camera;512MB RAM;1450mAh ;Rs. 3,190 
Sony Xperia M4 Aqua Dual 8GB;5 inch Screen;13MP Camera;2GB RAM;2400mAh ;Rs. 14,289
Yu Yureka 2;5.5 inch Screen;16MP Camera;4GB RAM;3930mAh ;Rs. 11,999
Samsung Galaxy J5 (2017);5.2 inch Screen;13MP Camera;3GB RAM;3500mAh ;Rs. 19,855
Samsung Galaxy S6 64GB;5.1 inch Screen;16MP Camera;3GB RAM;2550mAh ;Rs. 34,480
Yu Yureka S;5.2 inch Screen;13MP Camera;3GB RAM;3000mAh ;Rs. 9,999 
Ziox QUIQ Cosmos 4G;4 inch Screen;2MP Camera;512MB RAM;1450mAh ;Rs. 2,750 
Panasonic Eluga I2;5 inch Screen;8MP Camera;1GB RAM;2000mAh ;Rs. 5,900 
HTC Desire Eye;5.2 inch Screen;13MP Camera;2GB RAM;2400mAh ;Rs. 15,990
Microsoft Lumia 640 XL LTE Dual SIM;5.7 inch Screen;13MP Camera;1GB RAM;3120mAh ;Rs. 15,743
Samsung Galaxy C10;5.5 inch Screen;13MP Camera;4GB RAM;3000mAh ;- 
Asus Zenfone 3 Ultra (ZU680KL);6.8 inch Screen;23MP Camera;4GB RAM;4600mAh ;Rs. 39,999
Asus ZenFone 2 Laser 3GB/16GB (ZE550KL);5.5 inch Screen;13MP Camera;3GB RAM;3000mAh ;Rs. 9,499 
Yu Yureka Note;6 inch Screen;13MP Camera;3GB RAM;4000mAh ;Rs. 8,999 
Obi Worldphone SF1 (3GB/32GB);5 inch Screen;13MP Camera;3GB RAM;3000mAh ;Rs. 8,999 
Asus Zenfone 3 Deluxe 256GB (ZS570KL);5.7 inch Screen;23MP Camera;6GB RAM;3000mAh ;Rs. 61,999
Asus Zenfone 4 Max;5.5 inch Screen;13MP Camera;2GB RAM;5000mAh ;Rs. 14,999
Celkon Diamond U 4G;5 inch Screen;8MP Camera;1GB RAM;2500mAh ;Rs. 5,798 
HTC 10;5.2 inch Screen;12MP Camera;4GB RAM;3000mAh ;Rs. 34,995
BlackBerry Q10;3.1 inch Screen;8MP Camera;2GB RAM;2100mAh ;Rs. 9,999 
Xiaomi Mi Mix 2;5.99 inch Screen;12MP Camera;6GB RAM;3400mAh ;Rs. 35,990
Smartron srt.phone (4GB/64GB);5.5 inch Screen;13MP Camera;4GB RAM;3000mAh ;Rs. 11,999
Karbonn K9 Viraat 4G;5.5 inch Screen;8MP Camera;1GB RAM;2800mAh ;Rs. 4,800 
Motorola Moto G 3rd Gen;5 inch Screen;13MP Camera;2GB RAM;2470mAh ;Rs. 12,990
Oppo R9 Plus (128GB);6 inch Screen;16MP Camera;4GB RAM;4120mAh ;Rs. 44,999
Tecno Phantom 6 Plus;6 inch Screen;21MP Camera;4GB RAM;4050mAh ;Rs. 36,999
Intex Aqua Trend Lite;5 inch Screen;5MP Camera;1GB RAM;2600mAh ;Rs. 4,190 
Samsung Galaxy Alpha;4.7 inch Screen;12MP Camera;2GB RAM;1860mAh ;Rs. 34,999
Intex Elyt-e7;5.2 inch Screen;13MP Camera;3GB RAM;4020mAh ;Rs. 7,499 
Panasonic Eluga I3 Mega;5.5 inch Screen;13MP Camera;3GB RAM;4000mAh ;Rs. 9,099 
Motorola Moto G4 Play;5 inch Screen;8MP Camera;2GB RAM;2800mAh ;Rs. 7,999 
BlackBerry DTEK50;5.2 inch Screen;13MP Camera;3GB RAM;2610mAh ;Rs. 18,990
Asus Zenfone 2 1.8GHz/4GB/32GB;5.5 inch Screen;13MP Camera;4GB RAM;3000mAh ;Rs. 9,990 
Samsung Galaxy A8 (2016)(64GB);5.7 inch Screen;16MP Camera;3GB RAM;3300mAh ;- 
Xiaomi Lanmi X1;5.5 inch Screen;12MP Camera;6GB RAM;4100mAh ;- 
Lava X46 4G;5 inch Screen;8MP Camera;2GB RAM;2500mAh ;Rs. 7,199 
Panasonic Eluga Prim;5 inch Screen;13MP Camera;3GB RAM;2500mAh ;Rs. 7,915 
Samsung Galaxy S7 (64GB);5.1 inch Screen;12MP Camera;4GB RAM;3000mAh ;Rs. 35,838
Micromax Vdeo 2;4 inch Screen;5MP Camera;1GB RAM;1800mAh ;Rs. 3,999 
Coolpad Mega 2.5D;5.5 inch Screen;8MP Camera;3GB RAM;2500mAh ;Rs. 7,349 
Lenovo Vibe P1;5.5 inch Screen;13MP Camera;2GB RAM;4900mAh ;Rs. 15,999
LG K8;5 inch Screen;8MP Camera;1.5GB RAM;2125mAh ;Rs. 8,999 
HTC Desire 830;5.5 inch Screen;13MP Camera;3GB RAM;2800mAh ;Rs. 12,999
Panasonic Eluga I2 2GB RAM;5 inch Screen;8MP Camera;2GB RAM;2000mAh ;Rs. 5,990 
Oppo R9 Plus;6 inch Screen;16MP Camera;4GB RAM;4120mAh ;Rs. 36,999
Samsung Galaxy A3 (2016);4.7 inch Screen;13MP Camera;1.5GB RAM;2300mAh ;Rs. 15,279
Samsung Galaxy Note Edge;5.6 inch Screen;16MP Camera;3GB RAM;3000mAh ;Rs. 49,900
Acer Liquid Z630s;5.5 inch Screen;8MP Camera;3GB RAM;4000mAh ;Rs. 6,800 
Gionee S8;5.5 inch Screen;16MP Camera;4GB RAM;3000mAh ;Rs. 27,999
Karbonn A40 Indian;4 inch Screen;2MP Camera;1GB RAM;1400mAh ;Rs. 2,999 
Swipe Neo Power;4 inch Screen;5MP Camera;512MB RAM;2500mAh ;Rs. 2,999 
Coolpad Note 5 Lite C;5 inch Screen;8MP Camera;2GB RAM;2500mAh ;Rs. 7,500 
Gionee M2017;5.7 inch Screen;13MP Camera;6GB RAM;7000mAh ;Rs. 68,399
Tecno Phantom 6;5.5 inch Screen;13MP Camera;3GB RAM;2700mAh ;Rs. 19,899
Hyundai HI 50 Young;5 inch Screen;8MP Camera;2GB RAM;2000mAh ;Rs. 4,499 
LYF Wind 4;5 inch Screen;8MP Camera;1GB RAM;4000mAh ;Rs. 5,790 
Lava A71 4G;5 inch Screen;5MP Camera;1GB RAM;2500mAh ;Rs. 5,649 
Motorola Moto G Turbo Edition;5 inch Screen;13MP Camera;2GB RAM;2470mAh ;Rs. 12,299
Intex Aqua Zenith;5 inch Screen;5MP Camera;1GB RAM;2000mAh ;Rs. 4,099 
HTC 10 Lifestyle;5.2 inch Screen;12MP Camera;3GB RAM;3000mAh ;Rs. 20,990
Huawei P8lite;5 inch Screen;13MP Camera;2GB RAM;2200mAh ;Rs. 7,990 
Swipe Elite Plus;5 inch Screen;13MP Camera;2GB RAM;3050mAh ;Rs. 5,999 
HTC One M9+;5.2 inch Screen;20MP Camera;3GB RAM;2840mAh ;Rs. 32,020
LeEco Le 3 Pro;5.5 inch Screen;16MP Camera;6GB RAM;4070mAh ;Rs. 22,990
Itel PowerPro P41;5 inch Screen;5MP Camera;1GB RAM;5000mAh ;- 
Sony Xperia XZ 64GB;5.2 inch Screen;23MP Camera;3GB RAM;2900mAh ;Rs. 39,800
Xiaomi Mi 5S (4GB/128GB);5.1 inch Screen;12MP Camera;4GB RAM;3200mAh ;- 
Oppo R9s;5.5 inch Screen;16MP Camera;4GB RAM;3010mAh ;- 
LYF Wind 4S;5 inch Screen;8MP Camera;2GB RAM;4000mAh ;Rs. 6,589 
Sony Xperia XZs;5.2 inch Screen;19MP Camera;4GB RAM;2900mAh ;Rs. 35,300
Lenovo A6010;5 inch Screen;13MP Camera;2GB RAM;2300mAh ;Rs. 9,550 
Asus Zenfone 2 Laser 3GB/32GB (ZE601KL);6 inch Screen;13MP Camera;3GB RAM;3000mAh ;Rs. 12,999
Samsung Galaxy Note 5 64GB;5.7 inch Screen;16MP Camera;4GB RAM;3000mAh ;Rs. 61,020
iVOOMi iV505;5 inch Screen;5MP Camera;1GB RAM;3000mAh ;Rs. 3,999 
LYF Flame 7s;4 inch Screen;5MP Camera;1GB RAM;1800mAh ;Rs. 6,000 
LYF Wind 2;6 inch Screen;8MP Camera;2GB RAM;2850mAh ;Rs. 8,999 
iKall K1;5 inch Screen;5MP Camera;1GB RAM;2500mAh ;Rs. 3,999 
HTC Desire 826 (GSM+CDMA);5.5 inch Screen;13MP Camera;2GB RAM;2600mAh ;Rs. 13,950
InFocus Turbo 5 (3GB/32GB);5.2 inch Screen;13MP Camera;3GB RAM;5000mAh ;Rs. 7,999 
Sony Xperia Z5 Premium Dual;5.5 inch Screen;23MP Camera;3GB RAM;3430mAh ;Rs. 48,990
Xiaomi Mi 5c;5.15 inch Screen;12MP Camera;3GB RAM;2860mAh ;Rs. 14,499
Micromax Selfie 2 Q4311;5.2 inch Screen;13MP Camera;3GB RAM;3000mAh ;Rs. 9,428 
Ziox Astra Champ 4G;4 inch Screen;2MP Camera;512MB RAM;1400mAh ;Rs. 2,949 
Lava Pixel V2;5 inch Screen;13MP Camera;2GB RAM;2500mAh ;Rs. 7,480 
Ringing Bells Smart 101;5 inch Screen;8MP Camera;1GB RAM;2800mAh ;Rs. 2,999 
Asus Zenfone 2 (ZE551ML) (4GB/128GB);5.5 inch Screen;13MP Camera;4GB RAM;3000mAh ;Rs. 17,949
Apple iPhone X;5.8 inch Screen;12MP Camera;3GB RAM;-;Rs. 89,000
LYF Water 7;5.5 inch Screen;13MP Camera;2GB RAM;3000mAh ;Rs. 8,299 
HTC One M8;5 inch Screen;4MP Camera;2GB RAM;2600mAh ;Rs. 15,999
Micromax Canvas Unite 4 Plus;5 inch Screen;8MP Camera;2GB RAM;2500mAh ;Rs. 6,199 
Samsung Galaxy Note 5 Dual Sim;5.7 inch Screen;16MP Camera;4GB RAM;3000mAh ;Rs. 38,899
Lava X50 Plus;5.5 inch Screen;8MP Camera;2GB RAM;2800mAh ;Rs. 6,799 
Nubia Z17 mini (Limited Edition);5.2 inch Screen;13MP Camera;6GB RAM;2950mAh ;Rs. 21,999
Swipe Elite Sense;5 inch Screen;13MP Camera;3GB RAM;2500mAh ;Rs. 5,999 
Elephone P9000;5.5 inch Screen;13MP Camera;4GB RAM;3000mAh ;Rs. 11,498
HTC U Ultra;5.7 inch Screen;12MP Camera;4GB RAM;3000mAh ;Rs. 33,000
HTC Desire 630;5 inch Screen;13MP Camera;2GB RAM;2200mAh ;Rs. 10,979
Google Pixel;5 inch Screen;12.3MP Camera;4GB RAM;2770mAh ;Rs. 41,990
Intex Aqua S3;5 inch Screen;8MP Camera;2GB RAM;2450mAh ;Rs. 5,549 
Micromax Canvas Blaze 4G Plus;4.5 inch Screen;8MP Camera;1GB RAM;1750mAh ;Rs. 4,849 
Oppo R9s Plus;6 inch Screen;16MP Camera;4GB RAM;4120mAh ;- 
Motorola Moto X4;5.2 inch Screen;12MP Camera;3GB RAM;3000mAh ;Rs. 25,500
Motorola Moto Turbo;5.2 inch Screen;21MP Camera;3GB RAM;3900mAh ;Rs. 31,999
Samsung Galaxy S4 Zoom C1010;4.3 inch Screen;16MP Camera;1.5GB RAM;2330mAh ;Rs. 29,000
Intex Aqua Power HD 4G;5 inch Screen;8MP Camera;2GB RAM;3900mAh ;Rs. 8,299 
Samsung Galaxy J3 (2016);5 inch Screen;8MP Camera;1.5GB RAM;2600mAh ;Rs. 10,769
LG Q6 Plus;5.5 inch Screen;13MP Camera;4GB RAM;3000mAh ;- 
Vivo Y27L;4.7 inch Screen;8MP Camera;1GB RAM;2260mAh ;Rs. 12,000
Vivo X9;5.5 inch Screen;16MP Camera;4GB RAM;3050mAh ;Rs. 27,999
Xolo Era 2X;5 inch Screen;8MP Camera;2GB RAM;2500mAh ;Rs. 5,999 
Karbonn K9 Smart Grand;5.2 inch Screen;8MP Camera;1GB RAM;2300mAh ;Rs. 5,900 
Zen Cinemax 4G;5.5 inch Screen;5MP Camera;2GB RAM;2900mAh ;Rs. 5,999 
Micromax Canvas Mega 2;6 inch Screen;8MP Camera;1GB RAM;3000mAh ;Rs. 6,585 
Zopo Speed 8;5.5 inch Screen;21MP Camera;4GB RAM;3600mAh ;Rs. 19,999
Samsung Galaxy Note 5 Dual Sim 64GB;5.7 inch Screen;16MP Camera;4GB RAM;3000mAh ;Rs. 67,664
Tenor E (3GB/32GB);5.5 inch Screen;13MP Camera;3GB RAM;4000mAh ;Rs. 8,999 
Micromax Canvas Amaze 4G;5 inch Screen;8MP Camera;1GB RAM;2230mAh ;Rs. 5,690 
Swipe Konnect Power;5 inch Screen;8MP Camera;2GB RAM;3000mAh ;Rs. 4,999 
Lenovo A7700;5.5 inch Screen;8MP Camera;2GB RAM;2900mAh ;Rs. 8,349 
Vivo X7 64GB;5.2 inch Screen;13MP Camera;4GB RAM;3000mAh ;Rs. 25,380
LeEco Le 1s Eco;5.5 inch Screen;13MP Camera;3GB RAM;3000mAh ;Rs. 9,990 
Meizu M5 Note;5.5 inch Screen;13MP Camera;3GB RAM;4000mAh ;Rs. 8,999 
LYF Water 6;5 inch Screen;13MP Camera;2GB RAM;2920mAh ;Rs. 6,499 
Xiaomi Redmi 3S Plus;5 inch Screen;13MP Camera;2GB RAM;4100mAh ;Rs. 14,699
Nubia M2 lite;5.5 inch Screen;13MP Camera;3GB RAM;3000mAh ;Rs. 9,999 
Vivo Xplay5 Elite;5.43 inch Screen;16MP Camera;6GB RAM;3600mAh ;Rs. 44,999
Zopo Color S5.5;5.5 inch Screen;8MP Camera;1GB RAM;3000mAh ;Rs. 4,444 
Intex Aqua Super;5 inch Screen;8MP Camera;3GB RAM;2150mAh ;Rs. 6,999 
Intex Aqua Shine 4G;5 inch Screen;8MP Camera;2GB RAM;3000mAh ;Rs. 6,999 
LYF Wind 3;5.5 inch Screen;8MP Camera;2GB RAM;2920mAh ;Rs. 7,233 
Xolo Era 2X 3GB;5 inch Screen;8MP Camera;3GB RAM;2500mAh ;Rs. 6,234 
Huawei Honor 6 Plus;5.5 inch Screen;13MP Camera;3GB RAM;3600mAh ;Rs. 20,000
HTC 10 evo;5.5 inch Screen;16MP Camera;3GB RAM;3200mAh ;Rs. 48,200
Asus ZenFone 3 Zoom;5.5 inch Screen;12MP Camera;4GB RAM;5000mAh ;- 
HTC Desire 820s;5.5 inch Screen;13MP Camera;2GB RAM;2600mAh ;Rs. 13,750
Nubia Z11 miniS;5.2 inch Screen;23MP Camera;4GB RAM;3000mAh ;Rs. 19,999
Motorola Moto G 3rd Gen 8GB;5 inch Screen;13MP Camera;1GB RAM;2470mAh ;Rs. 9,499 
LG F60 D392;4.5 inch Screen;5MP Camera;1GB RAM;2100mAh ;Rs. 6,990 
Ziox Astra Force 4G;5 inch Screen;5MP Camera;1GB RAM;3000mAh ;Rs. 5,554 
LYF Flame 8;4.5 inch Screen;8MP Camera;1GB RAM;2000mAh ;Rs. 5,099 
Panasonic P77;5 inch Screen;8MP Camera;1GB RAM;2000mAh ;Rs. 5,980 
HTC U Play;5.2 inch Screen;16MP Camera;4GB RAM;2500mAh ;Rs. 29,990
HTC One A9 3GB/32GB;5 inch Screen;13MP Camera;3GB RAM;2150mAh ;Rs. 22,180
Micromax Canvas Fire 4G Plus;4.7 inch Screen;8MP Camera;1GB RAM;2000mAh ;Rs. 6,099 
Samsung Galaxy A8 (2016);5.7 inch Screen;16MP Camera;3GB RAM;3300mAh ;- 
Vivo X9 (128GB);5.5 inch Screen;16MP Camera;4GB RAM;3050mAh ;Rs. 29,999
LG V30;6.2 inch Screen;13MP Camera;4GB RAM;-;- 
Swipe Elite Max;5.5 inch Screen;13MP Camera;4GB RAM;3000mAh ;Rs. 12,999
Xiaomi Mi 5S Plus;5.7 inch Screen;13MP Camera;4GB RAM;3800mAh ;- 
BlackBerry DTEK60;5.5 inch Screen;21MP Camera;4GB RAM;3000mAh ;Rs. 38,999
Hyve Buzz;5.5 inch Screen;13MP Camera;3GB RAM;2500mAh ;Rs. 6,990 
LYF Water 4;5 inch Screen;13MP Camera;2GB RAM;2920mAh ;Rs. 6,375 
Motorola Moto G4 (3GB/32GB);5.5 inch Screen;13MP Camera;3GB RAM;3000mAh ;Rs. 15,299
Gionee M6 Plus;6 inch Screen;16MP Camera;4GB RAM;6020mAh ;Rs. 27,499
Xolo Black 1X;5 inch Screen;13MP Camera;3GB RAM;2400mAh ;Rs. 7,957 
Intex Aqua Strong 5.1;5 inch Screen;5MP Camera;1GB RAM;2800mAh ;Rs. 4,750 
Intex Aqua Young 4G;5 inch Screen;5MP Camera;1GB RAM;2800mAh ;Rs. 4,999 
Lenovo A6600;5 inch Screen;8MP Camera;1GB RAM;2300mAh ;Rs. 5,969 
InFocus A1;5 inch Screen;5MP Camera;1GB RAM;2450mAh ;Rs. 4,700 
Yu Yuphoria;5 inch Screen;8MP Camera;2GB RAM;2230mAh ;Rs. 6,499 
Nubia N1 (32GB);5.5 inch Screen;13MP Camera;3GB RAM;5000mAh ;Rs. 11,999
Honor 6C;5 inch Screen;13MP Camera;3GB RAM;3020mAh ;- 
Yota YotaPhone 2;5 inch Screen;8MP Camera;2GB RAM;2500mAh ;Rs. 14,950
Karbonn Aura Note Play;6 inch Screen;8MP Camera;2GB RAM;3200mAh ;Rs. 6,499 
Lava Iris X5 4G;5 inch Screen;13MP Camera;2GB RAM;2500mAh ;Rs. 9,550 
HTC Desire 820;5.5 inch Screen;13MP Camera;2GB RAM;2600mAh ;Rs. 14,499
Google Pixel XL;5.5 inch Screen;12.3MP Camera;4GB RAM;3450mAh ;Rs. 42,499
Google Pixel XL 128GB;5.5 inch Screen;12.3MP Camera;4GB RAM;3450mAh ;Rs. 49,490
OnePlus One 16GB;5.5 inch Screen;13MP Camera;3GB RAM;3100mAh ;Rs. 19,499
Intex Aqua Trend;5 inch Screen;13MP Camera;2GB RAM;3000mAh ;Rs. 9,000 
Zopo Speed X;5 inch Screen;13MP Camera;3GB RAM;2680mAh ;Rs. 9,450 
Samsung Galaxy Mega 2;6 inch Screen;8MP Camera;1.5GB RAM;2800mAh ;Rs. 19,500
Xolo Era 2;5 inch Screen;5MP Camera;1GB RAM;2350mAh ;Rs. 3,999 
Panasonic P55 Novo 3GB;5.3 inch Screen;13MP Camera;3GB RAM;2500mAh ;Rs. 8,349 
HTC One M9+ (2GB/16GB);5.2 inch Screen;13MP Camera;2GB RAM;2840mAh ;Rs. 16,999
Motorola Moto X 2nd Gen;5.2 inch Screen;13MP Camera;2GB RAM;2300mAh ;Rs. 14,999
Oppo R9;5.5 inch Screen;13MP Camera;4GB RAM;2850mAh ;Rs. 24,999
Lenovo K6;5 inch Screen;13MP Camera;2GB RAM;3000mAh ;Rs. 9,350 
LG Nexus 5X;5.2 inch Screen;12.3MP Camera;2GB RAM;2700mAh ;Rs. 18,689
Panasonic Eluga L 4G;5 inch Screen;8MP Camera;1GB RAM;2000mAh ;Rs. 6,999 
Intex Aqua S7;5 inch Screen;13MP Camera;3GB RAM;3200mAh ;Rs. 8,899 
Panasonic Eluga Pulse;5 inch Screen;13MP Camera;2GB RAM;2200mAh ;Rs. 8,199 
Panasonic Eluga Turbo;5 inch Screen;13MP Camera;3GB RAM;2350mAh ;Rs. 9,199 
Motorola Moto Z2;5.5 inch Screen;12MP Camera;4GB RAM;3600mAh ;Rs. 34,999
Hyve Pryme;5.7 inch Screen;13MP Camera;4GB RAM;3500mAh ;Rs. 9,725 
Panasonic Eluga Icon;5.5 inch Screen;13MP Camera;2GB RAM;3500mAh ;Rs. 11,999
Jivi Energy 3;4 inch Screen;5MP Camera;512MB RAM;1800mAh ;Rs. 3,299 
Swipe Elite 2 Plus;5 inch Screen;5MP Camera;1GB RAM;2500mAh ;Rs. 3,790 
Asus Zenfone Go 5.5 (32GB) (ZB551KL);5.5 inch Screen;13MP Camera;2GB RAM;3010mAh ;Rs. 8,090 
Nubia Z17;5.5 inch Screen;23MP Camera;6GB RAM;3200mAh ;- 
Xiaomi Redmi 2 Prime;4.7 inch Screen;8MP Camera;2GB RAM;2200mAh ;Rs. 6,990 
Ziox Astra Colors 4G;5 inch Screen;5MP Camera;1GB RAM;4000mAh ;Rs. 5,553 
Swipe Elite 3;5 inch Screen;8MP Camera;2GB RAM;2500mAh ;Rs. 4,444 
LYF Wind 6;5 inch Screen;5MP Camera;1GB RAM;2250mAh ;Rs. 5,599 
LYF Wind 7s;5 inch Screen;8MP Camera;2GB RAM;2250mAh ;Rs. 5,952 
Zopo Hero 1;5 inch Screen;13.2MP Camera;2GB RAM;2500mAh ;Rs. 5,510 
Karbonn A1 Indian;4 inch Screen;3.2MP Camera;1GB RAM;1500mAh ;Rs. 3,366 
Asus Zenfone 2 (ZE551ML);5.5 inch Screen;13MP Camera;2GB RAM;3000mAh ;Rs. 7,999 
Vivo Xplay5;5.43 inch Screen;16MP Camera;4GB RAM;3600mAh ;Rs. 39,999
LG G2 4G LTE 32GB;5.2 inch Screen;13MP Camera;2GB RAM;3000mAh ;Rs. 22,500
Samsung Galaxy A9;6 inch Screen;13MP Camera;3GB RAM;4000mAh ;Rs. 31,999
Intex Aqua Selfie;5.5 inch Screen;5MP Camera;2GB RAM;3000mAh ;Rs. 6,319 
Google Pixel 2;5 inch Screen;12.2MP Camera;4GB RAM;2700mAh ;Rs. 61,000
Videocon Cube 3;5 inch Screen;13MP Camera;3GB RAM;3000mAh ;Rs. 6,536 
Asus Zenfone 2 1.8GHz/2GB/16GB;5.5 inch Screen;13MP Camera;2GB RAM;3000mAh ;Rs. 7,990 
Lava V2s;5 inch Screen;8MP Camera;2GB RAM;2500mAh ;Rs. 6,499 
Panasonic T45 4G;4.5 inch Screen;5MP Camera;1GB RAM;1800mAh ;Rs. 5,999 
Sony Xperia M4 Aqua Dual;5 inch Screen;13MP Camera;2GB RAM;2400mAh ;Rs. 22,700
ZTE Q806T;5 inch Screen;13MP Camera;1GB RAM;3000mAh ;Rs. 4,899 
TCL 560;5.5 inch Screen;8MP Camera;2GB RAM;2500mAh ;Rs. 5,999 
Karbonn Aura Power;5 inch Screen;8MP Camera;1GB RAM;4000mAh ;Rs. 5,190 
Meizu M3 Note;5.5 inch Screen;13MP Camera;3GB RAM;4100mAh ;Rs. 10,499
Huawei Enjoy 7 Plus;5.5 inch Screen;12MP Camera;3GB RAM;4000mAh ;Rs. 14,690
Sony Xperia XZ1;5.2 inch Screen;23MP Camera;4GB RAM;-;Rs. 42,990
Nokia Lumia 830;5 inch Screen;10MP Camera;1GB RAM;2200mAh ;Rs. 11,990
Sony Xperia XZ1 Compact;4.6 inch Screen;19MP Camera;4GB RAM;2700mAh ;Rs. 42,990
Samsung Galaxy J3 (2017);5 inch Screen;5MP Camera;1.5GB RAM;2600mAh ;Rs. 11,499
Lava A76;4.5 inch Screen;5MP Camera;1GB RAM;1850mAh ;Rs. 4,849 
Asus Zenfone Go 4.5 LTE (ZB450KL);4.5 inch Screen;8MP Camera;1GB RAM;2070mAh ;Rs. 5,390 
Micromax Canvas Amaze 2;5 inch Screen;13MP Camera;2GB RAM;2500mAh ;Rs. 7,499 
Samsung Galaxy Core Prime 4G;4.5 inch Screen;5MP Camera;1GB RAM;2000mAh ;Rs. 11,500
Lava A88;5 inch Screen;5MP Camera;512MB RAM;2000mAh ;Rs. 4,949 
Swipe Konnect 4G;4 inch Screen;5MP Camera;512MB RAM;2000mAh ;Rs. 3,199 
Karbonn Quattro L51 HD;5 inch Screen;8MP Camera;2GB RAM;2200mAh ;Rs. 5,550 
Swipe Elite Power;5.5 inch Screen;8MP Camera;2GB RAM;4000mAh ;Rs. 6,499 
Google Pixel 128GB;5 inch Screen;12.3MP Camera;4GB RAM;2770mAh ;Rs. 42,490
LG X Power2;5.5 inch Screen;13MP Camera;1.5GB RAM;4500mAh ;Rs. 10,999
Xolo Era 4K;5 inch Screen;8MP Camera;2GB RAM;4000mAh ;Rs. 6,999 
Xolo Black 3GB;5.5 inch Screen;13MP Camera;3GB RAM;3200mAh ;Rs. 9,999 
Motorola Moto X 2nd Gen 32GB;5.2 inch Screen;13MP Camera;2GB RAM;2300mAh ;Rs. 17,999
Samsung Galaxy Wide;5.5 inch Screen;13MP Camera;2GB RAM;3000mAh ;- 
Asus Zenfone 3 Deluxe (ZS570KL);5.7 inch Screen;23MP Camera;4GB RAM;3000mAh ;Rs. 45,000
Lenovo Vibe K5;5 inch Screen;13MP Camera;2GB RAM;2750mAh ;Rs. 6,999 
Lava X28;5.5 inch Screen;8MP Camera;1GB RAM;2600mAh ;Rs. 5,799 
Panasonic P9;5 inch Screen;8MP Camera;1GB RAM;2210mAh ;Rs. 6,250 
LYF Wind 7;5 inch Screen;8MP Camera;2GB RAM;2250mAh ;Rs. 6,999 
Huawei Honor Magic;5.1 inch Screen;12MP Camera;4GB RAM;2900mAh ;- 
Tecno Phantom 5;5.5 inch Screen;13MP Camera;3GB RAM;3000mAh ;Rs. 20,999
Motorola Moto X Style 32GB;5.7 inch Screen;21MP Camera;3GB RAM;3000mAh ;Rs. 19,900
Sony Xperia M2 Aqua;4.8 inch Screen;8MP Camera;1GB RAM;2300mAh ;Rs. 6,990 
Lava A72;5 inch Screen;5MP Camera;1GB RAM;2500mAh ;Rs. 5,849 
Alcatel PIXI 4 (5);5 inch Screen;8MP Camera;1GB RAM;2000mAh ;Rs. 3,599 
Xiaomi Redmi 2;4.7 inch Screen;8MP Camera;1GB RAM;2200mAh ;Rs. 6,990 
Centric P1;5 inch Screen;8MP Camera;2GB RAM;3950mAh ;- 
Xiaomi Mi Note 3;5.5 inch Screen;12MP Camera;6GB RAM;3500mAh ;Rs. 29,400
LYF WATER 3;5.5 inch Screen;13MP Camera;2GB RAM;3000mAh ;Rs. 6,599 
Smartron t.phone;5.5 inch Screen;13MP Camera;4GB RAM;3000mAh ;Rs. 16,990
Smartron srt.phone;5.5 inch Screen;13MP Camera;4GB RAM;3000mAh ;Rs. 9,295 
Asus ZenFone 2 Deluxe;5.5 inch Screen;13MP Camera;4GB RAM;3000mAh ;Rs. 15,999
InFocus M680;5.5 inch Screen;13MP Camera;2GB RAM;2600mAh ;Rs. 7,999 
Yu Yureka Plus;5.5 inch Screen;13MP Camera;2GB RAM;2500mAh ;Rs. 7,500 
Panasonic Eluga Arc 2;5 inch Screen;8MP Camera;3GB RAM;2450mAh ;Rs. 7,600 
Lava X41+;5 inch Screen;8MP Camera;2GB RAM;2500mAh ;Rs. 7,399 
Vivo X6S;5.2 inch Screen;13MP Camera;4GB RAM;2400mAh ;Rs. 29,999
Vivo Y25;4.5 inch Screen;5MP Camera;1GB RAM;1900mAh ;- 
Sony Xperia C5 Ultra Dual;6 inch Screen;13MP Camera;2GB RAM;2930mAh ;Rs. 17,999
Tenor E;5.5 inch Screen;13MP Camera;2GB RAM;4000mAh ;Rs. 7,999 
Yu Yureka Black;5 inch Screen;13MP Camera;4GB RAM;3000mAh ;Rs. 8,999 
LYF Water 2;5 inch Screen;13MP Camera;2GB RAM;2400mAh ;Rs. 7,490 
Celkon Diamond Mega 4G;5.5 inch Screen;8MP Camera;1GB RAM;2700mAh ;Rs. 6,499 
Micromax Canvas Evok;5.5 inch Screen;13MP Camera;3GB RAM;3000mAh ;Rs. 9,470 
Motorola Nexus 6 64GB;6 inch Screen;13MP Camera;3GB RAM;3220mAh ;Rs. 29,990
Asus ZenFone 2 Laser 2GB/8GB;5 inch Screen;13MP Camera;2GB RAM;2070mAh ;Rs. 19,999
Intex Aqua 4G Strong;4 inch Screen;2MP Camera;768MB RAM;1700mAh ;Rs. 4,690 
Intex Cloud 4G Smart;5 inch Screen;5MP Camera;1GB RAM;2000mAh ;Rs. 4,990 
HTC Desire 825;5.5 inch Screen;13MP Camera;2GB RAM;2700mAh ;Rs. 11,899
Zopo Flash X Plus;5.5 inch Screen;13MP Camera;3GB RAM;3100mAh ;Rs. 7,500 
Huawei Honor V8;5.7 inch Screen;12MP Camera;4GB RAM;3500mAh ;- 
ZTE Axon 7;5.5 inch Screen;20MP Camera;4GB RAM;3140mAh ;- 
Apple iPhone X 256GB;5.8 inch Screen;12MP Camera;3GB RAM;-;Rs. 1,02,0
Intex Aqua Fish;5 inch Screen;8MP Camera;2GB RAM;2500mAh ;Rs. 5,999 
Xiaomi Mi 5S;5.1 inch Screen;12MP Camera;3GB RAM;3200mAh ;- 
LG Optimus G Pro E988;5.5 inch Screen;13MP Camera;2GB RAM;3140mAh ;Rs. 10,990
LG G4 Stylus 16GB;5.7 inch Screen;8MP Camera;1GB RAM;3000mAh ;Rs. 9,999 
HTC One A9;5 inch Screen;13MP Camera;2GB RAM;2150mAh ;Rs. 24,269
Panasonic P71 2GB;5 inch Screen;8MP Camera;2GB RAM;2000mAh ;Rs. 6,400 
LYF Flame 1;4.5 inch Screen;5MP Camera;1GB RAM;2000mAh ;Rs. 4,999 
Huawei Mate 9 Pro (6GB/128GB);5.5 inch Screen;20MP Camera;6GB RAM;3000mAh ;Rs. 52,315
Xiaomi Redmi Note 5A;5.5 inch Screen;12MP Camera;3000mAh ;-;Rs. 9,600 
Intex Aqua 4G;5 inch Screen;8MP Camera;1GB RAM;2300mAh ;Rs. 6,999 
Motorola M2;5.5 inch Screen;16MP Camera;4GB RAM;3250mAh ;- 
Meizu E2;5.5 inch Screen;13MP Camera;3GB RAM;3300mAh ;Rs. 11,999
LYF Water 9;5.5 inch Screen;8MP Camera;1GB RAM;2800mAh ;Rs. 7,999 
Intex Aqua Power 4G;5 inch Screen;8MP Camera;1GB RAM;2000mAh ;Rs. 5,775 
Panasonic Eluga Mark;5.5 inch Screen;13MP Camera;2GB RAM;2500mAh ;Rs. 10,990
HTC One M9+ Prime Camera Edition;5 inch Screen;13MP Camera;2GB RAM;2840mAh ;Rs. 14,300
iBall Andi 5G Blink 4G;5 inch Screen;5MP Camera;1GB RAM;2300mAh ;Rs. 5,899 
InFocus M535 Plus;5.5 inch Screen;13MP Camera;3GB RAM;2600mAh ;Rs. 8,990 
Swipe Konnect Neo 4G;4 inch Screen;5MP Camera;512MB RAM;2000mAh ;Rs. 2,750 
Coolpad Conjr;5 inch Screen;13MP Camera;3GB RAM;2500mAh ;- 
Celkon Diamond Q4G Swift;4.5 inch Screen;5MP Camera;1GB RAM;1600mAh ;Rs. 4,790 
Coolpad Cool S1;5.5 inch Screen;16MP Camera;4GB RAM;4070mAh ;Rs. 24,999
Xolo Black;5.5 inch Screen;13MP Camera;2GB RAM;3200mAh ;Rs. 11,936
Sony Xperia XA1 Plus;5.5 inch Screen;23MP Camera;3GB RAM;3430mAh ;Rs. 24,999
Lava X11 4G;5 inch Screen;8MP Camera;2GB RAM;2500mAh ;Rs. 7,980 
Zopo Speed 7;5 inch Screen;13.2MP Camera;3GB RAM;2500mAh ;Rs. 7,999 
Celkon Diamond 4G Plus;5 inch Screen;8MP Camera;1GB RAM;2200mAh ;Rs. 8,970 
Zen Admire Metal;5 inch Screen;5MP Camera;1GB RAM;2500mAh ;Rs. 5,300 
Intex Aqua Ace Mini;5 inch Screen;8MP Camera;2GB RAM;3000mAh ;Rs. 6,799 
Huawei P10 Plus;5.5 inch Screen;20MP Camera;4GB RAM;3750mAh ;Rs. 49,999
Nubia Z17 Lite;5.5 inch Screen;12MP Camera;6GB RAM;3100mAh ;Rs. 29,999
Intex Aqua Ace II;5 inch Screen;8MP Camera;3GB RAM;3000mAh ;Rs. 6,999 
LG phoenix 3;5 inch Screen;5MP Camera;1.5GB RAM;2500mAh ;Rs. 5,335 
Swipe Elite 2;4.5 inch Screen;8MP Camera;1GB RAM;1900mAh ;Rs. 4,550 
Alcatel PIXI 4 (6);6 inch Screen;8MP Camera;1.5GB RAM;2580mAh ;Rs. 5,599 
Videocon Delite 11;5 inch Screen;5MP Camera;1GB RAM;3000mAh ;Rs. 4,599 
Intex Elyt-E1;5 inch Screen;8MP Camera;2GB RAM;2200mAh ;Rs. 6,590 
Ziox Astra Viva 4G;5 inch Screen;5MP Camera;1GB RAM;2500mAh ;Rs. 5,094 
Lava Z90;5.2 inch Screen;8MP Camera;3GB RAM;2750mAh ;Rs. 9,999 
LYF Water 5;5 inch Screen;13MP Camera;2GB RAM;2920mAh ;Rs. 8,200 
HTC Desire 820Q Dual Sim;5.5 inch Screen;13MP Camera;1GB RAM;2600mAh ;Rs. 12,490
Intex Aqua Strong 5.2;5 inch Screen;5MP Camera;2GB RAM;2800mAh ;Rs. 6,600 
Meizu Pro 6s;5.2 inch Screen;12MP Camera;4GB RAM;3060mAh ;Rs. 14,990
Gionee M6;5.5 inch Screen;13MP Camera;4GB RAM;5000mAh ;Rs. 27,990
Centric L1;5 inch Screen;8MP Camera;2GB RAM;2050mAh ;- 
LeEco Le Pro 3;5.5 inch Screen;16MP Camera;4GB RAM;4070mAh ;- 
Lenovo Phab Plus;6.8 inch Screen;13MP Camera;2GB RAM;3500mAh ;Rs. 13,999
Sansui S74;5 inch Screen;8MP Camera;2GB RAM;3000mAh ;Rs. 6,399 
Cat S60;4.7 inch Screen;13MP Camera;3GB RAM;3800mAh ;Rs. 32,999
Kult 10;5 inch Screen;13MP Camera;3GB RAM;2350mAh ;Rs. 5,400 
Intex Aqua 4G+;5 inch Screen;13MP Camera;2GB RAM;2300mAh ;Rs. 7,199 
Lenovo Zuk Edge;5.5 inch Screen;13MP Camera;4GB RAM;3100mAh ;Rs. 22,499
ZTE ZMax Pro;6 inch Screen;13MP Camera;2GB RAM;3400mAh ;Rs. 10,990
Huawei P10;5.5 inch Screen;12MP Camera;4GB RAM;3500mAh ;Rs. 40,927
Essential PH-1;5.7 inch Screen;13MP Camera;4GB RAM;3040mAh ;Rs. 44,999
Micromax Unite 4;5 inch Screen;8MP Camera;1GB RAM;2500mAh ;Rs. 6,290 
Hyve Storm;5 inch Screen;13MP Camera;2GB RAM;2000mAh ;Rs. 5,420 
TCL Fit;5.5 inch Screen;8MP Camera;2GB RAM;2800mAh ;Rs. 6,222 
Lava A89;5 inch Screen;5MP Camera;1GB RAM;2000mAh ;Rs. 5,999 
Celkon CliQ;5 inch Screen;16MP Camera;2GB RAM;2500mAh ;Rs. 7,244 
Intex Aqua GenX;5.5 inch Screen;13MP Camera;2GB RAM;2850mAh ;Rs. 8,599 
LYF Wind 7i;5 inch Screen;8MP Camera;1GB RAM;2250mAh ;Rs. 5,720 
Asus Zenfone Go 5.0 (ZB500KL);5 inch Screen;13MP Camera;2GB RAM;2600mAh ;Rs. 6,490 
Zopo Speed 7 Plus;5.5 inch Screen;13.2MP Camera;3GB RAM;3000mAh ;Rs. 8,999 
Huawei Honor 6A;5 inch Screen;13MP Camera;2GB RAM;3020mAh ;Rs. 7,499 
InFocus EPIC 1;5.5 inch Screen;16MP Camera;3GB RAM;3000mAh ;Rs. 12,399
Asus ZenFone 2 Deluxe 128GB;5.5 inch Screen;13MP Camera;4GB RAM;3000mAh ;Rs. 22,993
Intex Cloud S9;5.5 inch Screen;8MP Camera;2GB RAM;3650mAh ;Rs. 6,499 
TCL 562;5.5 inch Screen;13MP Camera;3GB RAM;2960mAh ;Rs. 7,999 
iBall Andi 5Q Gold 4G;5 inch Screen;8MP Camera;1GB RAM;3000mAh ;Rs. 6,199 
Intex Cloud Jewel;5 inch Screen;8MP Camera;2GB RAM;2500mAh ;Rs. 7,000 
Panasonic Eluga Arc;4.7 inch Screen;8MP Camera;2GB RAM;1800mAh ;Rs. 7,490 
Videocon Krypton3 V50JG;5 inch Screen;13MP Camera;2GB RAM;3000mAh ;Rs. 5,889 
Lenovo K3 Note Music;5.5 inch Screen;13MP Camera;2GB RAM;2900mAh ;Rs. 9,999 
Lava X17;5 inch Screen;8MP Camera;1GB RAM;2350mAh ;Rs. 6,300 
Asus Zenfone Go 5.0 LTE (T500);5 inch Screen;8MP Camera;2GB RAM;2500mAh ;Rs. 6,890 
Panasonic P71;5 inch Screen;8MP Camera;1GB RAM;2000mAh ;Rs. 6,450 
InFocus M370 i;5 inch Screen;8MP Camera;2GB RAM;2230mAh ;Rs. 6,300 
LG Nexus 5X 32GB;5.2 inch Screen;12.3MP Camera;2GB RAM;2700mAh ;Rs. 18,699
LeEco Le S3;5.5 inch Screen;16MP Camera;3GB RAM;3000mAh ;- 
Obi Worldphone MV1;5 inch Screen;8MP Camera;1GB RAM;2500mAh ;Rs. 5,500 
Videocon Q1 V500K;5 inch Screen;13MP Camera;2GB RAM;3000mAh ;Rs. 7,999 
ZTE Blade V6;5 inch Screen;13MP Camera;2GB RAM;2200mAh ;Rs. 6,545 
Intex Aqua Wing;4 inch Screen;5MP Camera;1GB RAM;1500mAh ;Rs. 4,149 
Ziox Astra 4G;5 inch Screen;5MP Camera;1GB RAM;2450mAh ;Rs. 4,499 
Videocon Graphite1 V45ED;4.5 inch Screen;8MP Camera;1GB RAM;2000mAh ;Rs. 3,800 
Zen Cinemax Click;5.5 inch Screen;8MP Camera;1GB RAM;2700mAh ;Rs. 5,500 
Lenovo A7000 Turbo;5.5 inch Screen;13MP Camera;2GB RAM;2900mAh ;Rs. 9,800 
Sony Xperia X Performance;5 inch Screen;23MP Camera;3GB RAM;2700mAh ;Rs. 39,589
Gionee M6S Plus;6 inch Screen;12MP Camera;6GB RAM;6020mAh ;Rs. 32,800
HTC Desire 530;5 inch Screen;8MP Camera;1.5GB RAM;2200mAh ;Rs. 9,999 
Huawei Nexus 6P 64GB;5.7 inch Screen;12.3MP Camera;3GB RAM;3450mAh ;Rs. 42,998
Zopo Color M4;4 inch Screen;5MP Camera;1GB RAM;1450mAh ;Rs. 4,989 
Karbonn A41 Power;4 inch Screen;2MP Camera;1GB RAM;2300mAh ;Rs. 3,699 
Gionee CTRL V6L LTE;5 inch Screen;8MP Camera;1GB RAM;1950mAh ;Rs. 7,500 
ZTE A110;4 inch Screen;2MP Camera;1GB RAM;1600mAh ;Rs. 3,290 
Panasonic Eluga Icon2;5.5 inch Screen;13MP Camera;2GB RAM;3000mAh ;Rs. 8,799 
Zopo Color F5;5 inch Screen;8MP Camera;2GB RAM;2100mAh ;Rs. 5,700 
InFocus M808;5.2 inch Screen;13MP Camera;2GB RAM;2450mAh ;Rs. 6,690 
Videocon Delite 21;5 inch Screen;8MP Camera;1GB RAM;3000mAh ;Rs. 5,099 
Gionee W909;4.2 inch Screen;16MP Camera;4GB RAM;2530mAh ;Rs. 42,990
Panasonic Eluga Pulse X;5.5 inch Screen;13MP Camera;3GB RAM;3000mAh ;Rs. 9,690 
LG V10;5.7 inch Screen;16MP Camera;4GB RAM;3000mAh ;Rs. 44,999
iVOOMi Me 2;4.5 inch Screen;8MP Camera;2GB RAM;2000mAh ;Rs. 3,999 
LG G4 (64GB) Dual Sim;5.5 inch Screen;16MP Camera;3GB RAM;3000mAh ;- 
LYF Wind 1;5 inch Screen;8MP Camera;1GB RAM;2300mAh ;Rs. 5,499 
LG K3;4.5 inch Screen;5MP Camera;1GB RAM;1940mAh ;Rs. 5,389 
LeEco Le Max Pro;6.3 inch Screen;21MP Camera;4GB RAM;3400mAh ;Rs. 34,999
Huawei Nova Plus;5.5 inch Screen;16MP Camera;3GB RAM;3340mAh ;- 
LYF Wind 1 8GB;5 inch Screen;8MP Camera;1GB RAM;2300mAh ;Rs. 5,149 
CREO Mark 1;5.5 inch Screen;21MP Camera;3GB RAM;3100mAh ;Rs. 19,999
InFocus Bingo 50;5 inch Screen;8MP Camera;3GB RAM;2500mAh ;Rs. 5,799 
Panasonic Eluga L2;5.5 inch Screen;8MP Camera;1GB RAM;2500mAh ;Rs. 8,014 
Xiaomi Redmi 2 (16GB);4.7 inch Screen;8MP Camera;1GB RAM;2200mAh ;- 
Intex Aqua Turbo 4G;5 inch Screen;5MP Camera;1GB RAM;3000mAh ;Rs. 6,299 
Mtech Turbo 4G;5 inch Screen;3.2MP Camera;1GB RAM;2000mAh ;Rs. 4,439 
Panasonic Eluga Tapp;5 inch Screen;8MP Camera;2GB RAM;2800mAh ;Rs. 7,250 
Vivo X6S Plus;5.7 inch Screen;16MP Camera;4GB RAM;3000mAh ;Rs. 36,999
LG X5;5.5 inch Screen;13MP Camera;2GB RAM;2800mAh ;Rs. 11,700
InFocus M2 4G;4.2 inch Screen;8MP Camera;1GB RAM;2010mAh ;Rs. 6,999 
Lenovo A6000 Plus;5 inch Screen;8MP Camera;2GB RAM;2300mAh ;Rs. 8,101 
Good One Spark;5 inch Screen;8MP Camera;1GB RAM;2150mAh ;Rs. 4,499 
Google Pixel 2 XL;6 inch Screen;12.2MP Camera;4GB RAM;3520mAh ;Rs. 73,000
Nextbit Robin;5.2 inch Screen;13MP Camera;3GB RAM;2680mAh ;Rs. 19,999
iberry Auxus 4X;5.5 inch Screen;13MP Camera;4GB RAM;3000mAh ;Rs. 15,990
Reach Allure Speed;5 inch Screen;8MP Camera;1GB RAM;2500mAh ;Rs. 4,999 
Asus Zenfone 4 Selfie Pro (ZD552KL);5.5 inch Screen;16MP Camera;4GB RAM;3000mAh ;Rs. 23,999
Motorola Moto Z2 Force;5.5 inch Screen;12MP Camera;4GB RAM;-;Rs. 46,999
Zen Admire Buzz 4G;5 inch Screen;5MP Camera;768MB RAM;2000mAh ;Rs. 4,599 
BlackBerry Aurora;5.5 inch Screen;13MP Camera;4GB RAM;3000mAh ;Rs. 33,999
HTC One X10;5.5 inch Screen;16MP Camera;3GB RAM;4000mAh ;Rs. 23,000
Swipe Elite VR;5.5 inch Screen;13MP Camera;1GB RAM;3000mAh ;- 
Google Pixel 2 128GB;5 inch Screen;12.2MP Camera;4GB RAM;2700mAh ;Rs. 70,000
Xolo Era X;5 inch Screen;8MP Camera;2GB RAM;2500mAh ;Rs. 4,599 
Panasonic Eluga I2 Activ;5 inch Screen;8MP Camera;1GB RAM;2200mAh ;Rs. 6,470 
Zen Admire Snap;5 inch Screen;8MP Camera;2GB RAM;2000mAh ;Rs. 5,798 
Intex Cloud Crystal 2.5D;5 inch Screen;8MP Camera;3GB RAM;2200mAh ;Rs. 6,185 
Zopo Color M5;5 inch Screen;5MP Camera;1GB RAM;2100mAh ;Rs. 3,830 
Zen Admire Thrill;4.5 inch Screen;5MP Camera;1GB RAM;1750mAh ;Rs. 4,381 
Zen Admire Dragon;5 inch Screen;5MP Camera;1GB RAM;2500mAh ;Rs. 4,994 
Videocon Krypton V50FG;5 inch Screen;13MP Camera;2GB RAM;2200mAh ;Rs. 6,600 
Zopo Color F2;5.5 inch Screen;8MP Camera;1GB RAM;2300mAh ;Rs. 5,980 
Gionee S9;5.5 inch Screen;13MP Camera;4GB RAM;3000mAh ;Rs. 24,990
Huawei Y7;5.5 inch Screen;12MP Camera;2GB RAM;4000mAh ;Rs. 14,999
Infinix Zero 4 Plus;5.98 inch Screen;20.7MP Camera;4GB RAM;4000mAh ;Rs. 24,999
Sony Xperia E5 Dual Sim;5 inch Screen;13MP Camera;1.5GB RAM;2700mAh ;- 
Panasonic Eluga Switch;5.5 inch Screen;13MP Camera;2GB RAM;2910mAh ;Rs. 10,499
Karbonn K9 Kavach 4G;5 inch Screen;5MP Camera;1GB RAM;2300mAh ;Rs. 5,100 
Intex Aqua Craze;5 inch Screen;8MP Camera;1GB RAM;2500mAh ;Rs. 5,479 
Intex Aqua Secure;4.5 inch Screen;5MP Camera;1GB RAM;1900mAh ;Rs. 5,899 
Mtech Ace Pro 4G;4 inch Screen;3.2MP Camera;512MB RAM;1800mAh ;Rs. 3,299 
Intex Aqua Crystal;5 inch Screen;8MP Camera;1GB RAM;2100mAh ;Rs. 8,193 
InFocus Bingo 21;4.5 inch Screen;8MP Camera;2GB RAM;2300mAh ;Rs. 6,900 
Zen Admire Thrill Plus;4.5 inch Screen;5MP Camera;1GB RAM;1750mAh ;Rs. 4,195 
Brandsdaddy Magic Plus;5 inch Screen;13MP Camera;2GB RAM;3500mAh ;Rs. 16,199
Yu Yunique;4.7 inch Screen;8MP Camera;1GB RAM;2000mAh ;Rs. 5,799 
Swipe Konnect Star;4 inch Screen;5MP Camera;1GB RAM;1800mAh ;Rs. 3,199 
Asus ZenFone 2 Laser 2GB/16GB (ZE500KL);5 inch Screen;13MP Camera;2GB RAM;2070mAh ;Rs. 7,499 
Comio C2;5 inch Screen;8MP Camera;2GB RAM;4000mAh ;Rs. 6,999 
Meizu Pro 6 (128GB);5.2 inch Screen;21MP Camera;6GB RAM;2560mAh ;Rs. 35,940
Huawei P9 Lite;5.2 inch Screen;13MP Camera;3GB RAM;3000mAh ;- 
Blu Energy XL;6 inch Screen;13MP Camera;3GB RAM;5000mAh ;- 
Intex Aqua E4;4 inch Screen;2MP Camera;1GB RAM;1800mAh ;Rs. 4,899 
Sony Xperia Z3 Dual;5.2 inch Screen;20.7MP Camera;3GB RAM;3100mAh ;Rs. 21,999
LYF Flame 5;4 inch Screen;5MP Camera;512MB RAM;1650mAh ;Rs. 8,999 
Videocon Ultra50;5 inch Screen;13MP Camera;3GB RAM;3000mAh ;Rs. 8,990 
Huawei Mate 9 Pro (4GB/64GB);5.5 inch Screen;20MP Camera;4GB RAM;3000mAh ;Rs. 46,390
Ringing Bells Elegance;5 inch Screen;8MP Camera;1GB RAM;2800mAh ;Rs. 4,499 
Centric P1+;5 inch Screen;8MP Camera;3GB RAM;3950mAh ;Rs. 8,999 
ZTE Blade V8 Mini;5 inch Screen;13MP Camera;2GB RAM;2800mAh ;- 
Comio C1;5 inch Screen;8MP Camera;1GB RAM;2700mAh ;Rs. 5,999 
Comio S1;5.2 inch Screen;13MP Camera;2GB RAM;2700mAh ;Rs. 8,299 
Zen Admire Neo;4.5 inch Screen;5MP Camera;512MB RAM;2000mAh ;Rs. 3,999 
Lenovo A6000 Shot;5 inch Screen;13MP Camera;2GB RAM;2300mAh ;Rs. 9,999 
Zen Admire Joy;5 inch Screen;5MP Camera;768MB RAM;2000mAh ;Rs. 4,290 
Google Pixel 2 XL 128GB;6 inch Screen;12.2MP Camera;4GB RAM;3520mAh ;Rs. 83,000
Intex Aqua View;5 inch Screen;8MP Camera;2GB RAM;2200mAh ;Rs. 6,999 
Blu Life Mark;5 inch Screen;13MP Camera;2GB RAM;2300mAh ;Rs. 5,449 
Reach Allure Ultra;5 inch Screen;5MP Camera;1GB RAM;2500mAh ;Rs. 3,990 
Meizu E2 (4GB/64GB);5.5 inch Screen;13MP Camera;4GB RAM;3300mAh ;- 
Onida i4G1;5 inch Screen;8MP Camera;1GB RAM;2300mAh ;Rs. 5,399 
Huawei Y5 (2017);5 inch Screen;8MP Camera;2GB RAM;3000mAh ;Rs. 8,499 
TCL Pride T500L;5 inch Screen;13MP Camera;2GB RAM;3050mAh ;Rs. 5,550 
HTC Desire 10 lifestyle;5.5 inch Screen;13MP Camera;3GB RAM;2700mAh ;Rs. 15,990
Alcatel Flash;5.5 inch Screen;13MP Camera;3GB RAM;3100mAh ;- 
LYF Wind 5;5 inch Screen;8MP Camera;1GB RAM;2000mAh ;Rs. 6,099 
Itel Selfiepro S41;5 inch Screen;8MP Camera;3GB RAM;2700mAh ;Rs. 6,990 
Intex Aqua Raze;4.5 inch Screen;5MP Camera;1GB RAM;1800mAh ;Rs. 5,084 
Sansui S50;4.5 inch Screen;5MP Camera;1GB RAM;2000mAh ;Rs. 3,699 
InFocus M370;5 inch Screen;8MP Camera;2GB RAM;2230mAh ;Rs. 7,466 
Zen Admire Sense;5 inch Screen;5MP Camera;1GB RAM;2300mAh ;Rs. 5,289 
Zopo Color C;4.5 inch Screen;5MP Camera;1GB RAM;1700mAh ;Rs. 3,830 
LeEco Le 1 Pro;5.5 inch Screen;13MP Camera;4GB RAM;3000mAh ;Rs. 27,999
LG X mach;5.5 inch Screen;12MP Camera;3GB RAM;3000mAh ;- 
LeEco Le 1 Pro (64GB);5.5 inch Screen;13MP Camera;4GB RAM;3000mAh ;Rs. 29,999
Meizu M3 32GB;5 inch Screen;13MP Camera;3GB RAM;2870mAh ;Rs. 9,999 
Lenovo Lemon 3;5 inch Screen;13MP Camera;2GB RAM;2750mAh ;Rs. 13,990
Meizu Pro 6 Plus (128GB);5.7 inch Screen;12MP Camera;4GB RAM;3400mAh ;Rs. 32,800
Huawei Nova;5 inch Screen;12MP Camera;3GB RAM;3020mAh ;- 
Centric G1;5.5 inch Screen;8MP Camera;3GB RAM;2900mAh ;Rs. 9,000 
HTC Desire 828 (CDMA+GSM);5.5 inch Screen;13MP Camera;2GB RAM;2800mAh ;- 
Intex Aqua Style III;5.9 inch Screen;8MP Camera;1GB RAM;2500mAh ;- 
Mtech Tez 4G;5 inch Screen;5MP Camera;1GB RAM;2500mAh ;Rs. 4,559 
LG Zero;5 inch Screen;13MP Camera;1.5GB RAM;2050mAh ;Rs. 9,999 
Asus ZenFone 2 Deluxe 256GB;5.5 inch Screen;13MP Camera;4GB RAM;3000mAh ;Rs. 39,999
Meizu Pro 6;5.2 inch Screen;21MP Camera;4GB RAM;2560mAh ;Rs. 31,830
Meizu Pro 6 Plus;5.7 inch Screen;12MP Camera;4GB RAM;3400mAh ;Rs. 29,900
Meizu M3 Max;6 inch Screen;13MP Camera;3GB RAM;4100mAh ;- 
Meizu MX6;5.5 inch Screen;12MP Camera;4GB RAM;3060mAh ;Rs. 20,040
InFocus Bingo 20;4.5 inch Screen;8MP Camera;1GB RAM;2300mAh ;Rs. 5,235 
Intex Cloud Fame;4.5 inch Screen;5MP Camera;1GB RAM;1800mAh ;Rs. 6,376 
Videocon Graphite2 V45GD;4.5 inch Screen;8MP Camera;1GB RAM;2000mAh ;Rs. 4,999 
Yu Yunique Plus;4.7 inch Screen;8MP Camera;2GB RAM;2000mAh ;Rs. 6,399 
Lenovo S90 Sisley;5 inch Screen;13MP Camera;1GB RAM;2300mAh ;Rs. 8,990 
Sony Xperia Z5 Compact;4.6 inch Screen;23MP Camera;2GB RAM;2700mAh ;Rs. 27,499
Archos Diamond 2 Plus;5.5 inch Screen;20MP Camera;4GB RAM;3000mAh ;- 
ZTE Blade V7;5.2 inch Screen;13MP Camera;2GB RAM;2500mAh ;Rs. 11,990
EXTREME X-Tel 9500 V2;4 inch Screen;8MP Camera;2GB RAM;2800mAh ;- 
Sony Xperia X Compact;4.6 inch Screen;23MP Camera;3GB RAM;2700mAh ;Rs. 34,990
Infinix Hot 4;5.5 inch Screen;8MP Camera;2GB RAM;4000mAh ;Rs. 7,499 
Ziox QUIQ Aura 4G;5 inch Screen;5MP Camera;1GB RAM;3000mAh ;Rs. 5,199 
InFocus M425 Bingo;4.5 inch Screen;8MP Camera;1GB RAM;2300mAh ;Rs. 4,750 
InFocus M812;5.5 inch Screen;13MP Camera;3GB RAM;2900mAh ;Rs. 8,990 
Huawei P9 Plus;5.5 inch Screen;12MP Camera;4GB RAM;3400mAh ;Rs. 56,686
Gionee Steel 2;5 inch Screen;8MP Camera;3GB RAM;4000mAh ;- 
Oppo A77;5.5 inch Screen;13MP Camera;4GB RAM;3200mAh ;Rs. 23,999
LeEco Cool S1;5.5 inch Screen;16MP Camera;4GB RAM;4070mAh ;Rs. 25,990
Zen Admire Glory;4 inch Screen;2MP Camera;512MB RAM;1750mAh ;Rs. 3,499 
Reach Allure Plus;5.5 inch Screen;10MP Camera;1GB RAM;2600mAh ;Rs. 5,999 
Zopo Color C3;5 inch Screen;8MP Camera;1GB RAM;2100mAh ;Rs. 4,790 
Videocon Krypton 22 V50TF;5 inch Screen;8MP Camera;2GB RAM;2450mAh ;Rs. 5,485 
Brandsdaddy BD Magic;4.7 inch Screen;13MP Camera;2GB RAM;2200mAh ;Rs. 13,999
Zopo Color X 5.5;5.5 inch Screen;8MP Camera;1GB RAM;2500mAh ;Rs. 7,999 
Alcatel Idol 4;5.2 inch Screen;13MP Camera;3GB RAM;2610mAh ;Rs. 16,999
Meizu M3;5 inch Screen;13MP Camera;2GB RAM;2870mAh ;Rs. 7,999 
ZTE Blade V7 Lite;5 inch Screen;8MP Camera;2GB RAM;2500mAh ;Rs. 8,990 
Micromax Canvas Fire 6;5 inch Screen;8MP Camera;1GB RAM;3050mAh ;- 
ZTE Small Fresh 4;5.2 inch Screen;13MP Camera;2GB RAM;2450mAh ;Rs. 10,920
Nokia Lumia 635;4.5 inch Screen;5MP Camera;1GB RAM;1830mAh ;- 
Zopo Color C5;5 inch Screen;5MP Camera;1GB RAM;2100mAh ;Rs. 6,999 
Acer Liquid Z6 Plus;5.5 inch Screen;13MP Camera;3GB RAM;4080mAh ;- 
Infinix Note 3;6 inch Screen;13MP Camera;2GB RAM;4500mAh ;Rs. 16,990
Meizu M5c;5 inch Screen;8MP Camera;2GB RAM;3000mAh ;Rs. 17,899
Asus Zenfone 2 (32GB) (ZE551ML);5.5 inch Screen;13MP Camera;2GB RAM;3000mAh ;- 
Meizu M3 Note (16GB);5.5 inch Screen;13MP Camera;2GB RAM;4100mAh ;- 
iBall Andi Sprinter 4G;5 inch Screen;8MP Camera;1GB RAM;2100mAh ;Rs. 5,899 
LG K4;4.5 inch Screen;5MP Camera;1GB RAM;1940mAh ;Rs. 6,990 
Archos Diamond Plus;5.5 inch Screen;16MP Camera;2GB RAM;2850mAh ;- 
Meizu M3X (4GB/64GB);5.5 inch Screen;12MP Camera;4GB RAM;3200mAh ;- 
TCL 580;5 inch Screen;13MP Camera;3GB RAM;2460mAh ;Rs. 13,941
Meizu M5s;5.2 inch Screen;13MP Camera;2GB RAM;2930mAh ;- 
Micromax Flagship V400;5.5 inch Screen;13MP Camera;2GB RAM;2930mAh ;- 
ZTE Blade Max 3;6 inch Screen;13MP Camera;2GB RAM;4000mAh ;Rs. 12,800
Xolo LT900;4.3 inch Screen;8MP Camera;1GB RAM;1810mAh ;Rs. 15,441
InFocus Bingo 50 Plus;5.5 inch Screen;13MP Camera;3GB RAM;2600mAh ;Rs. 7,999 
Meizu PRO 5 4GB/64GB;5.7 inch Screen;21MP Camera;4GB RAM;3050mAh ;Rs. 33,999
ZTE Blade A2;5 inch Screen;13MP Camera;2GB RAM;2500mAh ;- 
HTC One S9;5 inch Screen;13MP Camera;2GB RAM;2840mAh ;Rs. 37,425
Archos Diamond 2 Note;6 inch Screen;16MP Camera;3GB RAM;3610mAh ;- 
ZTE Blade D2;5 inch Screen;5MP Camera;1GB RAM;4000mAh ;- 
ZSTONE X1;5 inch Screen;8MP Camera;1GB RAM;2800mAh ;- 
Sony Xperia Ion LTE;4.5 inch Screen;12MP Camera;1GB RAM;1900mAh ;- 
Lenovo Vibe S1 Lite;5 inch Screen;13MP Camera;2GB RAM;2700mAh ;Rs. 13,499
ZTE Blade A2S;5.2 inch Screen;13MP Camera;3GB RAM;2540mAh ;- 
Asus Asus Zenfone 2 (4GB/32GB) (ZE551ML);5.5 inch Screen;13MP Camera;4GB RAM;3000mAh ;- 
Intex Aqua Prime 4G;5.5 inch Screen;8MP Camera;1GB RAM;2800mAh ;Rs. 6,555 
Microsoft Lumia 550;4.7 inch Screen;5MP Camera;1GB RAM;2100mAh ;Rs. 9,900 
General GM 5;5 inch Screen;13MP Camera;2GB RAM;2500mAh ;Rs. 16,990
Meizu M3X;5.5 inch Screen;12MP Camera;3GB RAM;3200mAh ;Rs. 16,895
Meizu M3E;5.5 inch Screen;13MP Camera;3GB RAM;3100mAh ;- 
ZSTONE Y1;5 inch Screen;13MP Camera;2GB RAM;2800mAh ;- 
HTC Desire 620;5 inch Screen;8MP Camera;1GB RAM;2100mAh ;- 
Gionee Steel 2 (32GB);5 inch Screen;8MP Camera;3GB RAM;4000mAh ;- 
Acer Liquid Z6;5 inch Screen;8MP Camera;1GB RAM;2000mAh ;- 
Coolpad E2;5 inch Screen;8MP Camera;2GB RAM;-;- 
TP-LINK Neffos C5;5 inch Screen;8MP Camera;2GB RAM;2200mAh ;Rs. 5,199 
Lenovo Vibe Z K910L;5.5 inch Screen;13MP Camera;2GB RAM;3000mAh ;Rs. 34,999
ZTE Nubia N1;5.5 inch Screen;13MP Camera;3GB RAM;5000mAh ;Rs. 9,999 
Intex Aqua Craze II;5 inch Screen;5MP Camera;1GB RAM;2500mAh ;Rs. 5,649 
Zopo Color E;5 inch Screen;8MP Camera;1GB RAM;2100mAh ;Rs. 4,490 
Meizu PRO 5 3GB/32GB;5.7 inch Screen;21MP Camera;3GB RAM;3050mAh ;Rs. 29,999
Wickedleak Wammy Titan 5;5.5 inch Screen;13MP Camera;3GB RAM;4165mAh ;- 
LG X Max;5.5 inch Screen;13MP Camera;1.5GB RAM;2800mAh ;- 
ZTE Blade V580;5.5 inch Screen;13MP Camera;2GB RAM;3000mAh ;- 
QiKU F4;5 inch Screen;13MP Camera;2GB RAM;2500mAh ;- 
LG U;5.2 inch Screen;13MP Camera;2GB RAM;3000mAh ;Rs. 22,999
Intex Aqua Classic 2;5 inch Screen;5MP Camera;1GB RAM;2200mAh ;- 
Sharp Basio 2;5 inch Screen;13MP Camera;2GB RAM;2810mAh ;- 
Huawei Honor 5;5 inch Screen;8MP Camera;2GB RAM;2200mAh ;Rs. 6,000 
ZSTONE Z1;5.5 inch Screen;13MP Camera;3GB RAM;3050mAh ;- 
LG X Skin;5 inch Screen;8MP Camera;1.5GB RAM;2100mAh ;Rs. 13,500
Sharp Aquos 507SH;5 inch Screen;13MP Camera;2GB RAM;3010mAh ;- 
LG X400;5.3 inch Screen;13MP Camera;2GB RAM;2800mAh ;Rs. 18,635
ZTE Blade V8 Lite;5 inch Screen;8MP Camera;2GB RAM;2500mAh ;- 
ZTE Blade V8 Pro;5.5 inch Screen;13MP Camera;3GB RAM;3140mAh ;- 
ZTE Blade V8 (3GB/32GB);5.2 inch Screen;13MP Camera;3GB RAM;2730mAh ;- 
iBall Andi Wink 4G;5 inch Screen;5MP Camera;2GB RAM;2300mAh ;- 
HTC One A9s;5 inch Screen;13MP Camera;2GB RAM;2300mAh ;- 
Micromax Canvas Unite 4 Pro;5 inch Screen;8MP Camera;2GB RAM;3900mAh ;Rs. 7,300 
LG Stylo 3 Plus;5.7 inch Screen;13MP Camera;2GB RAM;3080mAh ;Rs. 14,499
Samsung Galaxy C10 Plus;6.2 inch Screen;13MP Camera;4GB RAM;3250mAh ;- 
Itel Wish A21;4.5 inch Screen;5MP Camera;1GB RAM;2000mAh ;Rs. 5,390 
Itel Wish A41 Plus;5 inch Screen;5MP Camera;2GB RAM;2400mAh ;Rs. 6,590 
LG X Venture;5.2 inch Screen;16MP Camera;2GB RAM;4100mAh ;Rs. 21,999
Samsung Galaxy Feel;4.7 inch Screen;16MP Camera;3GB RAM;3000mAh ;- 
Nubia Z11 Mini;5 inch Screen;16MP Camera;3GB RAM;2800mAh ;- 
Asus Zenfone 4 Pro;5.5 inch Screen;12MP Camera;4GB RAM;-;- 
LG Q6a;5.5 inch Screen;13MP Camera;2GB RAM;3000mAh ;- 
Intex Aqua Ace III;5 inch Screen;8MP Camera;3GB RAM;3000mAh ;- 
Intex Aqua Craze III;5 inch Screen;5MP Camera;1GB RAM;2500mAh ;- 
Nokia 2;5 inch Screen;8MP Camera;2GB RAM;2630mAh ;Rs. 7,999 
Nokia 7;5.5 inch Screen;16MP Camera;4GB RAM;2800mAh ;Rs. 16,999
Intex Aqua Power IV;5 inch Screen;5MP Camera;1GB RAM;4000mAh ;Rs. 5,499 
Infinix Zero 4;5.5 inch Screen;16MP Camera;3GB RAM;3200mAh ;- 
Gionee X1S;5.5 inch Screen;13MP Camera;3GB RAM;-;- 
Sony Xperia XZ1 128GB;5.2 inch Screen;23MP Camera;4GB RAM;-;- 
Huawei Mate 10;6.1 inch Screen;13MP Camera;4GB RAM;4000mAh ;Rs. 64,990
Asus ZenFone 4 (ZE554KL);5.5 inch Screen;12MP Camera;4GB RAM;3300mAh ;- 
Comio P1;5.5 inch Screen;13MP Camera;3GB RAM;5000mAh ;Rs. 9,999 
Asus Zenfone Zoom S (ZE553KL);5.5 inch Screen;12MP Camera;4GB RAM;5000mAh ;Rs. 26,999
Alcatel U5 HD;5 inch Screen;8MP Camera;1GB RAM;2200mAh ;- 
Nuu M3;5.5 inch Screen;8MP Camera;2GB RAM;3200mAh ;- 
Nuu X5;5.5 inch Screen;13MP Camera;3GB RAM;2950mAh ;- 
Nuu Q626;5 inch Screen;8MP Camera;2GB RAM;-;- 
Nuu Q500;5 inch Screen;8MP Camera;2GB RAM;-;- 
Meizu M6 Note;5.5 inch Screen;12MP Camera;3GB RAM;4000mAh ;- 
Jivi Energy E12;4 inch Screen;5MP Camera;1GB RAM;2300mAh ;- 
Jivi Prime 300;5 inch Screen;8MP Camera;1GB RAM;2500mAh ;- 
Cat S41;5 inch Screen;13MP Camera;3GB RAM;5000mAh ;Rs. 32,900
Zopo Z5000;5.5 inch Screen;13MP Camera;4GB RAM;5000mAh ;- 
Zopo P5000;5.9 inch Screen;13MP Camera;4GB RAM;5000mAh ;Rs. 14,990
Alcatel A7 XL;6 inch Screen;12MP Camera;3GB RAM;4000mAh ;- 
Alcatel Idol 5;5.2 inch Screen;13MP Camera;3GB RAM;2800mAh ;- 
Spice V801;5 inch Screen;8MP Camera;3GB RAM;2700mAh ;- 
Asus ZenFone V (V520KL);5.2 inch Screen;23MP Camera;4GB RAM;3000mAh ;- 
Micromax Bharat 3;4.5 inch Screen;5MP Camera;1GB RAM;2000mAh ;- 
Micromax Bharat 4;5 inch Screen;5MP Camera;1GB RAM;2500mAh ;- 
Intex Aqua S1;5 inch Screen;5MP Camera;1GB RAM;2300mAh ;Rs. 3,499 
Intex Cloud C1;4 inch Screen;5MP Camera;1GB RAM;1750mAh ;- 
Vivo X20;6.01 inch Screen;12MP Camera;4GB RAM;3250mAh ;- 
Vivo X20 Plus;6.43 inch Screen;12MP Camera;4GB RAM;3900mAh ;- 
Intex Aqua Lions 2;5 inch Screen;5MP Camera;1GB RAM;2400mAh ;- 
Micromax Selfie 3;5 inch Screen;13MP Camera;3GB RAM;3000mAh ;Rs. 11,999
Gionee M7;6.01 inch Screen;16MP Camera;6GB RAM;4000mAh ;- 
Gionee M7 Power;6.01 inch Screen;13MP Camera;4GB RAM;5000mAh ;- 
Panasonic Eluga I4;5 inch Screen;8MP Camera;2GB RAM;3000mAh ;Rs. 8,290 
Ziox Astra Curve 4G;5 inch Screen;5MP Camera;2GB RAM;2200mAh ;Rs. 7,299 
Zopo Flash X1;5.5 inch Screen;8MP Camera;2GB RAM;2500mAh ;- 
Zopo Flash X2;5.9 inch Screen;8MP Camera;2GB RAM;3380mAh ;Rs. 8,999 
LG K7i;5 inch Screen;8MP Camera;2GB RAM;2500mAh ;Rs. 8,990 
Lava Z60;5 inch Screen;5MP Camera;1GB RAM;2500mAh ;Rs. 6,499 
Panasonic P99;5 inch Screen;8MP Camera;2GB RAM;2000mAh ;- 
Videocon Metal Pro 2;5 inch Screen;13MP Camera;2GB RAM;2000mAh ;Rs. 7,500 
Huawei Nova 2i;5.9 inch Screen;16MP Camera;4GB RAM;3340mAh ;Rs. 19,999
Honor Holly 4;5 inch Screen;13MP Camera;3GB RAM;3020mAh ;- 
Lava Z80;5 inch Screen;8MP Camera;3GB RAM;2500mAh ;- 
Lava Z70;5 inch Screen;8MP Camera;2GB RAM;2500mAh ;- 
Asus ZenFone 4 Selfie Lite (ZB520KL);5.5 inch Screen;13MP Camera;2GB RAM;3000mAh ;Rs. 13,456
BlackBerry Motion;5.5 inch Screen;12MP Camera;4GB RAM;4000mAh ;- 
Swipe Elite Pro;5 inch Screen;13MP Camera;3GB RAM;2500mAh ;Rs. 6,999 
OnePlus 5T;6 inch Screen;20MP Camera;6GB RAM;3300mAh ;Rs. 34,999
Samsung Galaxy J2 (2017);4.7 inch Screen;5MP Camera;1GB RAM;2000mAh ;- 
Xolo Era 3X;5 inch Screen;13MP Camera;3GB RAM;3000mAh ;Rs. 7,499 
Xolo Era 2V;5 inch Screen;8MP Camera;2GB RAM;3000mAh ;Rs. 6,499 
Xolo Era 3;5 inch Screen;8MP Camera;2GB RAM;2500mAh ;Rs. 4,999 
Intex Aqua Lions X1+;5.2 inch Screen;13MP Camera;3GB RAM;2800mAh ;Rs. 8,499 
Intex Aqua Lions X1;5.2 inch Screen;13MP Camera;2GB RAM;2800mAh ;Rs. 7,499 
Oppo F3 Lite;5.2 inch Screen;13MP Camera;3GB RAM;2900mAh ;- 
Karbonn K9 Smart Yuva;4.5 inch Screen;5MP Camera;1GB RAM;2300mAh ;Rs. 3,725 
Nubia Z17S;5.73 inch Screen;23MP Camera;6GB RAM;3100mAh ;- 
Huawei Mate 10 Porsche Design;6 inch Screen;20MP Camera;6GB RAM;4000mAh ;- 
Huawei Mate 10 Pro;6 inch Screen;20MP Camera;4GB RAM;4000mAh ;- 
Huawei Mate 10 Pro (6GB/128GB);6 inch Screen;20MP Camera;4GB RAM;4000mAh ;- 
